Detector, Descriptor, Matcher, Selector, Number of Keypoints, Size of Neighborhood, Number of Matched Keypoints, Time (ms Keypoints Detection), Time (ms Descriptor Extraction), Time (ms Total)
SHITOMASI, BRISK, MAT_BF, SEL_NN, 118, 4, 125, 18.6654, 0.391283, 19.0567
SHITOMASI, BRISK, MAT_BF, SEL_NN, 123, 4, 118, 18.3571, 0.291175, 18.6482
SHITOMASI, BRISK, MAT_BF, SEL_NN, 120, 4, 123, 17.5717, 0.345388, 17.9171
SHITOMASI, BRISK, MAT_BF, SEL_NN, 120, 4, 120, 17.0215, 0.322487, 17.344
SHITOMASI, BRISK, MAT_BF, SEL_NN, 113, 4, 120, 18.1876, 0.312914, 18.5006
SHITOMASI, BRISK, MAT_BF, SEL_NN, 114, 4, 113, 18.4096, 0.300065, 18.7096
SHITOMASI, BRISK, MAT_BF, SEL_NN, 123, 4, 114, 17.2487, 0.305798, 17.5545
SHITOMASI, BRISK, MAT_BF, SEL_NN, 111, 4, 123, 19.1837, 0.283111, 19.4668
SHITOMASI, BRISK, MAT_BF, SEL_NN, 112, 4, 111, 18.4154, 0.393048, 18.8085
SHITOMASI, BRISK, MAT_BF, SEL_KNN, 118, 4, 95, 17.5818, 0.447228, 18.029
SHITOMASI, BRISK, MAT_BF, SEL_KNN, 123, 4, 88, 19.1645, 0.40515, 19.5696
SHITOMASI, BRISK, MAT_BF, SEL_KNN, 120, 4, 80, 17.7717, 0.365476, 18.1372
SHITOMASI, BRISK, MAT_BF, SEL_KNN, 120, 4, 90, 16.9897, 0.427162, 17.4169
SHITOMASI, BRISK, MAT_BF, SEL_KNN, 113, 4, 82, 17.929, 0.357203, 18.2862
SHITOMASI, BRISK, MAT_BF, SEL_KNN, 114, 4, 79, 17.7332, 0.454656, 18.1879
SHITOMASI, BRISK, MAT_BF, SEL_KNN, 123, 4, 85, 17.6115, 0.384771, 17.9963
SHITOMASI, BRISK, MAT_BF, SEL_KNN, 111, 4, 86, 17.8498, 0.439624, 18.2895
SHITOMASI, BRISK, MAT_BF, SEL_KNN, 112, 4, 82, 17.5748, 0.369101, 17.9439
SHITOMASI, BRISK, MAT_FLANN, SEL_NN, 118, 4, 125, 18.6205, 1.88577, 20.5063
SHITOMASI, BRISK, MAT_FLANN, SEL_NN, 123, 4, 118, 17.8405, 1.8582, 19.6987
SHITOMASI, BRISK, MAT_FLANN, SEL_NN, 120, 4, 123, 17.8395, 1.65814, 19.4977
SHITOMASI, BRISK, MAT_FLANN, SEL_NN, 120, 4, 120, 15.8453, 1.7592, 17.6045
SHITOMASI, BRISK, MAT_FLANN, SEL_NN, 113, 4, 120, 17.1896, 1.70685, 18.8964
SHITOMASI, BRISK, MAT_FLANN, SEL_NN, 114, 4, 113, 17.8898, 1.54922, 19.4391
SHITOMASI, BRISK, MAT_FLANN, SEL_NN, 123, 4, 114, 17.5876, 1.74335, 19.3309
SHITOMASI, BRISK, MAT_FLANN, SEL_NN, 111, 4, 123, 16.6234, 1.57931, 18.2027
SHITOMASI, BRISK, MAT_FLANN, SEL_NN, 112, 4, 111, 17.4071, 1.37664, 18.7837
SHITOMASI, BRISK, MAT_FLANN, SEL_KNN, 118, 4, 83, 17.8434, 1.84095, 19.6844
SHITOMASI, BRISK, MAT_FLANN, SEL_KNN, 123, 4, 79, 18.7973, 1.79946, 20.5968
SHITOMASI, BRISK, MAT_FLANN, SEL_KNN, 120, 4, 73, 18.0671, 1.94477, 20.0119
SHITOMASI, BRISK, MAT_FLANN, SEL_KNN, 120, 4, 77, 16.3971, 1.88138, 18.2784
SHITOMASI, BRISK, MAT_FLANN, SEL_KNN, 113, 4, 73, 18.8905, 1.8209, 20.7114
SHITOMASI, BRISK, MAT_FLANN, SEL_KNN, 114, 4, 69, 17.0548, 1.74152, 18.7963
SHITOMASI, BRISK, MAT_FLANN, SEL_KNN, 123, 4, 79, 16.6574, 1.61112, 18.2685
SHITOMASI, BRISK, MAT_FLANN, SEL_KNN, 111, 4, 81, 17.2408, 1.81204, 19.0529
SHITOMASI, BRISK, MAT_FLANN, SEL_KNN, 112, 4, 73, 17.325, 1.85369, 19.1787
SHITOMASI, BRIEF, MAT_BF, SEL_NN, 118, 4, 125, 18.8511, 0.295947, 19.147
SHITOMASI, BRIEF, MAT_BF, SEL_NN, 123, 4, 118, 15.3394, 0.302475, 15.6419
SHITOMASI, BRIEF, MAT_BF, SEL_NN, 120, 4, 123, 15.3178, 0.250063, 15.5679
SHITOMASI, BRIEF, MAT_BF, SEL_NN, 120, 4, 120, 16.7049, 0.312565, 17.0174
SHITOMASI, BRIEF, MAT_BF, SEL_NN, 113, 4, 120, 16.8027, 0.255092, 17.0577
SHITOMASI, BRIEF, MAT_BF, SEL_NN, 114, 4, 113, 16.2383, 0.225556, 16.4638
SHITOMASI, BRIEF, MAT_BF, SEL_NN, 123, 4, 114, 16.0714, 0.342407, 16.4138
SHITOMASI, BRIEF, MAT_BF, SEL_NN, 111, 4, 123, 16.9994, 0.345516, 17.345
SHITOMASI, BRIEF, MAT_BF, SEL_NN, 112, 4, 111, 15.781, 0.253157, 16.0342
SHITOMASI, BRIEF, MAT_BF, SEL_KNN, 118, 4, 115, 17.1024, 0.411297, 17.5137
SHITOMASI, BRIEF, MAT_BF, SEL_KNN, 123, 4, 111, 18.6761, 0.419693, 19.0958
SHITOMASI, BRIEF, MAT_BF, SEL_KNN, 120, 4, 104, 18.5295, 0.354306, 18.8838
SHITOMASI, BRIEF, MAT_BF, SEL_KNN, 120, 4, 101, 21.0856, 0.348579, 21.4342
SHITOMASI, BRIEF, MAT_BF, SEL_KNN, 113, 4, 102, 17.7281, 0.359707, 18.0878
SHITOMASI, BRIEF, MAT_BF, SEL_KNN, 114, 4, 102, 21.7817, 0.394708, 22.1764
SHITOMASI, BRIEF, MAT_BF, SEL_KNN, 123, 4, 100, 18.8757, 0.31911, 19.1948
SHITOMASI, BRIEF, MAT_BF, SEL_KNN, 111, 4, 109, 21.2967, 0.331416, 21.6282
SHITOMASI, BRIEF, MAT_BF, SEL_KNN, 112, 4, 100, 18.5746, 0.3183, 18.8929
SHITOMASI, BRIEF, MAT_FLANN, SEL_NN, 118, 4, 125, 17.9691, 1.39616, 19.3652
SHITOMASI, BRIEF, MAT_FLANN, SEL_NN, 123, 4, 118, 15.5931, 1.84636, 17.4395
SHITOMASI, BRIEF, MAT_FLANN, SEL_NN, 120, 4, 123, 17.1462, 1.77101, 18.9172
SHITOMASI, BRIEF, MAT_FLANN, SEL_NN, 120, 4, 120, 16.7219, 1.7881, 18.51
SHITOMASI, BRIEF, MAT_FLANN, SEL_NN, 113, 4, 120, 17.0521, 1.39702, 18.4491
SHITOMASI, BRIEF, MAT_FLANN, SEL_NN, 114, 4, 113, 17.0849, 1.51651, 18.6015
SHITOMASI, BRIEF, MAT_FLANN, SEL_NN, 123, 4, 114, 14.1081, 1.41459, 15.5227
SHITOMASI, BRIEF, MAT_FLANN, SEL_NN, 111, 4, 123, 16.6217, 1.34689, 17.9686
SHITOMASI, BRIEF, MAT_FLANN, SEL_NN, 112, 4, 111, 15.9463, 1.06491, 17.0112
SHITOMASI, BRIEF, MAT_FLANN, SEL_KNN, 118, 4, 95, 15.9484, 1.54888, 17.4973
SHITOMASI, BRIEF, MAT_FLANN, SEL_KNN, 123, 4, 93, 15.2451, 1.55968, 16.8048
SHITOMASI, BRIEF, MAT_FLANN, SEL_KNN, 120, 4, 91, 15.4774, 1.58261, 17.06
SHITOMASI, BRIEF, MAT_FLANN, SEL_KNN, 120, 4, 89, 14.9445, 1.51292, 16.4574
SHITOMASI, BRIEF, MAT_FLANN, SEL_KNN, 113, 4, 93, 15.4641, 1.48559, 16.9497
SHITOMASI, BRIEF, MAT_FLANN, SEL_KNN, 114, 4, 93, 16.3397, 2.14488, 18.4846
SHITOMASI, BRIEF, MAT_FLANN, SEL_KNN, 123, 4, 86, 14.7833, 1.45128, 16.2346
SHITOMASI, BRIEF, MAT_FLANN, SEL_KNN, 111, 4, 91, 15.6944, 1.87173, 17.5661
SHITOMASI, BRIEF, MAT_FLANN, SEL_KNN, 112, 4, 85, 16.0014, 1.64895, 17.6504
SHITOMASI, ORB, MAT_BF, SEL_NN, 118, 4, 125, 17.2932, 0.302468, 17.5956
SHITOMASI, ORB, MAT_BF, SEL_NN, 123, 4, 118, 15.0814, 0.296205, 15.3776
SHITOMASI, ORB, MAT_BF, SEL_NN, 120, 4, 123, 17.0079, 0.290969, 17.2989
SHITOMASI, ORB, MAT_BF, SEL_NN, 120, 4, 120, 15.8924, 0.267736, 16.1602
SHITOMASI, ORB, MAT_BF, SEL_NN, 113, 4, 120, 15.3406, 0.213404, 15.554
SHITOMASI, ORB, MAT_BF, SEL_NN, 114, 4, 113, 16.1783, 0.26076, 16.439
SHITOMASI, ORB, MAT_BF, SEL_NN, 123, 4, 114, 21.5925, 0.351077, 21.9436
SHITOMASI, ORB, MAT_BF, SEL_NN, 111, 4, 123, 18.9361, 0.288329, 19.2244
SHITOMASI, ORB, MAT_BF, SEL_NN, 112, 4, 111, 17.5593, 0.264777, 17.8241
SHITOMASI, ORB, MAT_BF, SEL_KNN, 118, 4, 106, 16.5604, 0.419823, 16.9802
SHITOMASI, ORB, MAT_BF, SEL_KNN, 123, 4, 102, 16.5225, 0.342143, 16.8646
SHITOMASI, ORB, MAT_BF, SEL_KNN, 120, 4, 99, 15.1321, 0.411855, 15.544
SHITOMASI, ORB, MAT_BF, SEL_KNN, 120, 4, 102, 16.6585, 0.356082, 17.0146
SHITOMASI, ORB, MAT_BF, SEL_KNN, 113, 4, 103, 16.8093, 0.344169, 17.1534
SHITOMASI, ORB, MAT_BF, SEL_KNN, 114, 4, 97, 19.5264, 0.395097, 19.9215
SHITOMASI, ORB, MAT_BF, SEL_KNN, 123, 4, 98, 17.0629, 0.436784, 17.4997
SHITOMASI, ORB, MAT_BF, SEL_KNN, 111, 4, 104, 16.7111, 0.456479, 17.1676
SHITOMASI, ORB, MAT_BF, SEL_KNN, 112, 4, 97, 18.7962, 0.409215, 19.2055
SHITOMASI, ORB, MAT_FLANN, SEL_NN, 118, 4, 125, 16.9539, 1.5076, 18.4615
SHITOMASI, ORB, MAT_FLANN, SEL_NN, 123, 4, 118, 16.1084, 1.63688, 17.7453
SHITOMASI, ORB, MAT_FLANN, SEL_NN, 120, 4, 123, 17.4531, 1.43519, 18.8883
SHITOMASI, ORB, MAT_FLANN, SEL_NN, 120, 4, 120, 16.091, 1.30064, 17.3916
SHITOMASI, ORB, MAT_FLANN, SEL_NN, 113, 4, 120, 15.6079, 1.6948, 17.3027
SHITOMASI, ORB, MAT_FLANN, SEL_NN, 114, 4, 113, 15.7974, 1.44643, 17.2438
SHITOMASI, ORB, MAT_FLANN, SEL_NN, 123, 4, 114, 15.1424, 1.45929, 16.6017
SHITOMASI, ORB, MAT_FLANN, SEL_NN, 111, 4, 123, 15.8323, 1.35648, 17.1888
SHITOMASI, ORB, MAT_FLANN, SEL_NN, 112, 4, 111, 15.7647, 1.49232, 17.257
SHITOMASI, ORB, MAT_FLANN, SEL_KNN, 118, 4, 86, 16.5419, 1.7103, 18.2522
SHITOMASI, ORB, MAT_FLANN, SEL_KNN, 123, 4, 84, 17.4641, 2.02832, 19.4924
SHITOMASI, ORB, MAT_FLANN, SEL_KNN, 120, 4, 87, 16.4754, 1.72579, 18.2012
SHITOMASI, ORB, MAT_FLANN, SEL_KNN, 120, 4, 90, 15.7006, 2.16377, 17.8644
SHITOMASI, ORB, MAT_FLANN, SEL_KNN, 113, 4, 87, 18.9075, 2.18614, 21.0936
SHITOMASI, ORB, MAT_FLANN, SEL_KNN, 114, 4, 77, 17.5568, 1.96538, 19.5222
SHITOMASI, ORB, MAT_FLANN, SEL_KNN, 123, 4, 82, 15.6835, 1.99198, 17.6755
SHITOMASI, ORB, MAT_FLANN, SEL_KNN, 111, 4, 88, 17.2466, 2.23374, 19.4804
SHITOMASI, ORB, MAT_FLANN, SEL_KNN, 112, 4, 88, 20.3307, 2.29091, 22.6216
SHITOMASI, FREAK, MAT_BF, SEL_NN, 118, 4, 125, 17.3953, 0.274996, 17.6703
SHITOMASI, FREAK, MAT_BF, SEL_NN, 123, 4, 118, 12.6056, 0.380577, 12.9862
SHITOMASI, FREAK, MAT_BF, SEL_NN, 120, 4, 123, 11.7556, 0.317574, 12.0732
SHITOMASI, FREAK, MAT_BF, SEL_NN, 120, 4, 120, 11.7623, 0.292478, 12.0547
SHITOMASI, FREAK, MAT_BF, SEL_NN, 113, 4, 120, 11.4103, 0.309589, 11.7198
SHITOMASI, FREAK, MAT_BF, SEL_NN, 114, 4, 113, 12.415, 0.342467, 12.7575
SHITOMASI, FREAK, MAT_BF, SEL_NN, 123, 4, 114, 10.6224, 0.261824, 10.8842
SHITOMASI, FREAK, MAT_BF, SEL_NN, 111, 4, 123, 11.8592, 0.314378, 12.1736
SHITOMASI, FREAK, MAT_BF, SEL_NN, 112, 4, 111, 11.4159, 0.297717, 11.7136
SHITOMASI, FREAK, MAT_BF, SEL_KNN, 118, 4, 86, 11.0249, 0.488833, 11.5138
SHITOMASI, FREAK, MAT_BF, SEL_KNN, 123, 4, 90, 11.8976, 0.460824, 12.3584
SHITOMASI, FREAK, MAT_BF, SEL_KNN, 120, 4, 86, 11.8099, 0.386368, 12.1963
SHITOMASI, FREAK, MAT_BF, SEL_KNN, 120, 4, 88, 14.0429, 0.413842, 14.4568
SHITOMASI, FREAK, MAT_BF, SEL_KNN, 113, 4, 86, 11.2308, 0.347028, 11.5778
SHITOMASI, FREAK, MAT_BF, SEL_KNN, 114, 4, 80, 11.2611, 0.444096, 11.7052
SHITOMASI, FREAK, MAT_BF, SEL_KNN, 123, 4, 81, 11.8853, 0.337635, 12.223
SHITOMASI, FREAK, MAT_BF, SEL_KNN, 111, 4, 86, 11.2, 0.377431, 11.5774
SHITOMASI, FREAK, MAT_BF, SEL_KNN, 112, 4, 85, 11.8301, 0.312243, 12.1423
SHITOMASI, FREAK, MAT_FLANN, SEL_NN, 118, 4, 125, 11.4651, 1.62231, 13.0875
SHITOMASI, FREAK, MAT_FLANN, SEL_NN, 123, 4, 118, 11.0108, 1.81314, 12.8239
SHITOMASI, FREAK, MAT_FLANN, SEL_NN, 120, 4, 123, 11.004, 1.63491, 12.6389
SHITOMASI, FREAK, MAT_FLANN, SEL_NN, 120, 4, 120, 13.0443, 1.86189, 14.9062
SHITOMASI, FREAK, MAT_FLANN, SEL_NN, 113, 4, 120, 12.0629, 1.81434, 13.8773
SHITOMASI, FREAK, MAT_FLANN, SEL_NN, 114, 4, 113, 12.0062, 1.6957, 13.7019
SHITOMASI, FREAK, MAT_FLANN, SEL_NN, 123, 4, 114, 11.9809, 1.41746, 13.3984
SHITOMASI, FREAK, MAT_FLANN, SEL_NN, 111, 4, 123, 11.8302, 1.6106, 13.4408
SHITOMASI, FREAK, MAT_FLANN, SEL_NN, 112, 4, 111, 11.3576, 1.54087, 12.8984
SHITOMASI, FREAK, MAT_FLANN, SEL_KNN, 118, 4, 66, 11.7183, 1.90384, 13.6222
SHITOMASI, FREAK, MAT_FLANN, SEL_KNN, 123, 4, 66, 11.6339, 1.79551, 13.4294
SHITOMASI, FREAK, MAT_FLANN, SEL_KNN, 120, 4, 65, 12.4182, 1.77275, 14.191
SHITOMASI, FREAK, MAT_FLANN, SEL_KNN, 120, 4, 64, 16.9493, 2.2283, 19.1776
SHITOMASI, FREAK, MAT_FLANN, SEL_KNN, 113, 4, 63, 12.5428, 1.72737, 14.2702
SHITOMASI, FREAK, MAT_FLANN, SEL_KNN, 114, 4, 64, 11.3814, 1.77464, 13.1561
SHITOMASI, FREAK, MAT_FLANN, SEL_KNN, 123, 4, 61, 15.4487, 1.66099, 17.1097
SHITOMASI, FREAK, MAT_FLANN, SEL_KNN, 111, 4, 64, 15.5229, 2.06976, 17.5926
SHITOMASI, FREAK, MAT_FLANN, SEL_KNN, 112, 4, 64, 13.3969, 1.74826, 15.1452
SHITOMASI, SIFT, MAT_BF, SEL_NN, 118, 4, 125, 11.9408, 0.4658, 12.4066
SHITOMASI, SIFT, MAT_BF, SEL_NN, 123, 4, 118, 13.7847, 0.362917, 14.1476
SHITOMASI, SIFT, MAT_BF, SEL_NN, 120, 4, 123, 21.7587, 0.46668, 22.2254
SHITOMASI, SIFT, MAT_BF, SEL_NN, 120, 4, 120, 11.2043, 0.51685, 11.7212
SHITOMASI, SIFT, MAT_BF, SEL_NN, 113, 4, 120, 11.4764, 0.337815, 11.8142
SHITOMASI, SIFT, MAT_BF, SEL_NN, 114, 4, 113, 16.6117, 0.332531, 16.9442
SHITOMASI, SIFT, MAT_BF, SEL_NN, 123, 4, 114, 12.0684, 0.50892, 12.5773
SHITOMASI, SIFT, MAT_BF, SEL_NN, 111, 4, 123, 12.1081, 0.303801, 12.4119
SHITOMASI, SIFT, MAT_BF, SEL_NN, 112, 4, 111, 12.2204, 0.389744, 12.6101
SHITOMASI, SIFT, MAT_BF, SEL_KNN, 118, 4, 112, 12.1122, 0.510131, 12.6223
SHITOMASI, SIFT, MAT_BF, SEL_KNN, 123, 4, 109, 11.6689, 0.513373, 12.1823
SHITOMASI, SIFT, MAT_BF, SEL_KNN, 120, 4, 104, 17.4738, 0.464922, 17.9387
SHITOMASI, SIFT, MAT_BF, SEL_KNN, 120, 4, 103, 13.264, 0.52202, 13.7861
SHITOMASI, SIFT, MAT_BF, SEL_KNN, 113, 4, 99, 12.5017, 0.62484, 13.1265
SHITOMASI, SIFT, MAT_BF, SEL_KNN, 114, 4, 101, 12.3405, 0.469258, 12.8098
SHITOMASI, SIFT, MAT_BF, SEL_KNN, 123, 4, 96, 12.9467, 0.438117, 13.3849
SHITOMASI, SIFT, MAT_BF, SEL_KNN, 111, 4, 106, 16.9384, 0.721315, 17.6597
SHITOMASI, SIFT, MAT_BF, SEL_KNN, 112, 4, 97, 11.8244, 0.541662, 12.3661
SHITOMASI, SIFT, MAT_FLANN, SEL_NN, 118, 4, 125, 14.6918, 2.39546, 17.0873
SHITOMASI, SIFT, MAT_FLANN, SEL_NN, 123, 4, 118, 11.684, 2.12755, 13.8116
SHITOMASI, SIFT, MAT_FLANN, SEL_NN, 120, 4, 123, 17.6151, 2.20328, 19.8184
SHITOMASI, SIFT, MAT_FLANN, SEL_NN, 120, 4, 120, 12.3668, 2.8108, 15.1776
SHITOMASI, SIFT, MAT_FLANN, SEL_NN, 113, 4, 120, 11.5265, 2.03475, 13.5613
SHITOMASI, SIFT, MAT_FLANN, SEL_NN, 114, 4, 113, 11.9512, 2.01457, 13.9658
SHITOMASI, SIFT, MAT_FLANN, SEL_NN, 123, 4, 114, 12.2749, 2.09627, 14.3712
SHITOMASI, SIFT, MAT_FLANN, SEL_NN, 111, 4, 123, 12.1374, 2.84909, 14.9864
SHITOMASI, SIFT, MAT_FLANN, SEL_NN, 112, 4, 111, 11.3921, 1.74729, 13.1394
SHITOMASI, SIFT, MAT_FLANN, SEL_KNN, 118, 4, 112, 11.9998, 2.61107, 14.6109
SHITOMASI, SIFT, MAT_FLANN, SEL_KNN, 123, 4, 109, 11.6754, 2.46014, 14.1356
SHITOMASI, SIFT, MAT_FLANN, SEL_KNN, 120, 4, 104, 17.5646, 2.39565, 19.9602
SHITOMASI, SIFT, MAT_FLANN, SEL_KNN, 120, 4, 103, 12.2231, 2.2961, 14.5192
SHITOMASI, SIFT, MAT_FLANN, SEL_KNN, 113, 4, 99, 11.7532, 2.36389, 14.1171
SHITOMASI, SIFT, MAT_FLANN, SEL_KNN, 114, 4, 101, 11.0184, 2.18942, 13.2078
SHITOMASI, SIFT, MAT_FLANN, SEL_KNN, 123, 4, 96, 11.3862, 2.21781, 13.604
SHITOMASI, SIFT, MAT_FLANN, SEL_KNN, 111, 4, 106, 11.3811, 2.32587, 13.7069
SHITOMASI, SIFT, MAT_FLANN, SEL_KNN, 112, 4, 97, 17.0773, 2.65623, 19.7335
HARRIS, BRISK, MAT_BF, SEL_NN, 14, 6, 17, 13.4965, 0.094526, 13.591
HARRIS, BRISK, MAT_BF, SEL_NN, 18, 6, 14, 11.7187, 0.098972, 11.8177
HARRIS, BRISK, MAT_BF, SEL_NN, 21, 6, 18, 13.0566, 0.10672, 13.1634
HARRIS, BRISK, MAT_BF, SEL_NN, 26, 6, 21, 13.6851, 0.10945, 13.7946
HARRIS, BRISK, MAT_BF, SEL_NN, 43, 6, 26, 28.4151, 0.139334, 28.5544
HARRIS, BRISK, MAT_BF, SEL_NN, 18, 6, 43, 12.1804, 0.131656, 12.312
HARRIS, BRISK, MAT_BF, SEL_NN, 31, 6, 18, 15.0875, 0.166855, 15.2543
HARRIS, BRISK, MAT_BF, SEL_NN, 26, 6, 31, 14.0772, 0.140666, 14.2179
HARRIS, BRISK, MAT_BF, SEL_NN, 34, 6, 26, 20.1196, 0.122672, 20.2423
HARRIS, BRISK, MAT_BF, SEL_KNN, 14, 6, 12, 13.8782, 0.144575, 14.0228
HARRIS, BRISK, MAT_BF, SEL_KNN, 18, 6, 10, 13.1219, 0.235226, 13.3571
HARRIS, BRISK, MAT_BF, SEL_KNN, 21, 6, 14, 12.6605, 0.182662, 12.8432
HARRIS, BRISK, MAT_BF, SEL_KNN, 26, 6, 15, 13.5932, 0.15871, 13.7519
HARRIS, BRISK, MAT_BF, SEL_KNN, 43, 6, 16, 27.4049, 0.165247, 27.5701
HARRIS, BRISK, MAT_BF, SEL_KNN, 18, 6, 16, 12.0664, 0.174378, 12.2407
HARRIS, BRISK, MAT_BF, SEL_KNN, 31, 6, 15, 13.8941, 0.148913, 14.043
HARRIS, BRISK, MAT_BF, SEL_KNN, 26, 6, 23, 13.2393, 0.215145, 13.4545
HARRIS, BRISK, MAT_BF, SEL_KNN, 34, 6, 21, 20.8224, 0.188093, 21.0105
HARRIS, BRISK, MAT_FLANN, SEL_NN, 14, 6, 17, 13.7297, 0.20157, 13.9312
HARRIS, BRISK, MAT_FLANN, SEL_NN, 18, 6, 14, 13.6661, 0.225951, 13.8921
HARRIS, BRISK, MAT_FLANN, SEL_NN, 21, 6, 18, 12.5331, 0.304454, 12.8376
HARRIS, BRISK, MAT_FLANN, SEL_NN, 26, 6, 21, 13.6071, 0.379517, 13.9866
HARRIS, BRISK, MAT_FLANN, SEL_NN, 43, 6, 26, 28.1394, 0.560655, 28.7001
HARRIS, BRISK, MAT_FLANN, SEL_NN, 18, 6, 43, 11.2982, 0.403623, 11.7018
HARRIS, BRISK, MAT_FLANN, SEL_NN, 31, 6, 18, 14.7298, 0.371506, 15.1013
HARRIS, BRISK, MAT_FLANN, SEL_NN, 26, 6, 31, 12.5444, 0.523486, 13.0679
HARRIS, BRISK, MAT_FLANN, SEL_NN, 34, 6, 26, 18.104, 0.536383, 18.6404
HARRIS, BRISK, MAT_FLANN, SEL_KNN, 14, 6, 11, 13.0188, 0.210197, 13.229
HARRIS, BRISK, MAT_FLANN, SEL_KNN, 18, 6, 9, 13.3885, 0.259968, 13.6485
HARRIS, BRISK, MAT_FLANN, SEL_KNN, 21, 6, 10, 12.7972, 0.272545, 13.0697
HARRIS, BRISK, MAT_FLANN, SEL_KNN, 26, 6, 11, 13.3166, 0.446789, 13.7634
HARRIS, BRISK, MAT_FLANN, SEL_KNN, 43, 6, 16, 28.8275, 0.528619, 29.3561
HARRIS, BRISK, MAT_FLANN, SEL_KNN, 18, 6, 14, 12.3608, 0.567999, 12.9288
HARRIS, BRISK, MAT_FLANN, SEL_KNN, 31, 6, 12, 15.3723, 0.426716, 15.7991
HARRIS, BRISK, MAT_FLANN, SEL_KNN, 26, 6, 21, 12.9276, 0.582763, 13.5104
HARRIS, BRISK, MAT_FLANN, SEL_KNN, 34, 6, 17, 18.9778, 0.470897, 19.4487
HARRIS, BRIEF, MAT_BF, SEL_NN, 14, 6, 17, 15.2204, 0.080755, 15.3011
HARRIS, BRIEF, MAT_BF, SEL_NN, 18, 6, 14, 15.3594, 0.080615, 15.44
HARRIS, BRIEF, MAT_BF, SEL_NN, 21, 6, 18, 15.1564, 0.080581, 15.237
HARRIS, BRIEF, MAT_BF, SEL_NN, 26, 6, 21, 12.7843, 0.096847, 12.8812
HARRIS, BRIEF, MAT_BF, SEL_NN, 43, 6, 26, 31.2299, 0.116369, 31.3462
HARRIS, BRIEF, MAT_BF, SEL_NN, 18, 6, 43, 11.6598, 0.10521, 11.765
HARRIS, BRIEF, MAT_BF, SEL_NN, 31, 6, 18, 14.4553, 0.0948, 14.5501
HARRIS, BRIEF, MAT_BF, SEL_NN, 26, 6, 31, 18.8786, 0.1192, 18.9978
HARRIS, BRIEF, MAT_BF, SEL_NN, 34, 6, 26, 21.4817, 0.115802, 21.5975
HARRIS, BRIEF, MAT_BF, SEL_KNN, 14, 6, 14, 12.0156, 0.173909, 12.1895
HARRIS, BRIEF, MAT_BF, SEL_KNN, 18, 6, 11, 11.8867, 0.116496, 12.0032
HARRIS, BRIEF, MAT_BF, SEL_KNN, 21, 6, 15, 18.126, 0.131091, 18.2571
HARRIS, BRIEF, MAT_BF, SEL_KNN, 26, 6, 20, 14.0246, 0.134526, 14.1591
HARRIS, BRIEF, MAT_BF, SEL_KNN, 43, 6, 24, 27.1636, 0.167774, 27.3314
HARRIS, BRIEF, MAT_BF, SEL_KNN, 18, 6, 26, 12.3131, 0.149897, 12.463
HARRIS, BRIEF, MAT_BF, SEL_KNN, 31, 6, 16, 12.8489, 0.107682, 12.9566
HARRIS, BRIEF, MAT_BF, SEL_KNN, 26, 6, 24, 11.8862, 0.119677, 12.0059
HARRIS, BRIEF, MAT_BF, SEL_KNN, 34, 6, 23, 17.3887, 0.175954, 17.5646
HARRIS, BRIEF, MAT_FLANN, SEL_NN, 14, 6, 17, 10.5009, 0.155341, 10.6563
HARRIS, BRIEF, MAT_FLANN, SEL_NN, 18, 6, 14, 10.9707, 0.181527, 11.1522
HARRIS, BRIEF, MAT_FLANN, SEL_NN, 21, 6, 18, 12.2101, 0.238826, 12.4489
HARRIS, BRIEF, MAT_FLANN, SEL_NN, 26, 6, 21, 11.8598, 0.285268, 12.1451
HARRIS, BRIEF, MAT_FLANN, SEL_NN, 43, 6, 26, 27.0739, 0.508011, 27.582
HARRIS, BRIEF, MAT_FLANN, SEL_NN, 18, 6, 43, 12.6875, 0.36966, 13.0572
HARRIS, BRIEF, MAT_FLANN, SEL_NN, 31, 6, 18, 14.1802, 0.373075, 14.5533
HARRIS, BRIEF, MAT_FLANN, SEL_NN, 26, 6, 31, 12.2525, 0.434347, 12.6869
HARRIS, BRIEF, MAT_FLANN, SEL_NN, 34, 6, 26, 18.4691, 0.32647, 18.7956
HARRIS, BRIEF, MAT_FLANN, SEL_KNN, 14, 6, 12, 11.5209, 0.185756, 11.7066
HARRIS, BRIEF, MAT_FLANN, SEL_KNN, 18, 6, 12, 12.416, 0.191346, 12.6073
HARRIS, BRIEF, MAT_FLANN, SEL_KNN, 21, 6, 14, 10.6758, 0.294533, 10.9704
HARRIS, BRIEF, MAT_FLANN, SEL_KNN, 26, 6, 17, 13.3561, 0.442922, 13.7991
HARRIS, BRIEF, MAT_FLANN, SEL_KNN, 43, 6, 17, 25.6161, 0.686425, 26.3025
HARRIS, BRIEF, MAT_FLANN, SEL_KNN, 18, 6, 16, 11.379, 0.365359, 11.7444
HARRIS, BRIEF, MAT_FLANN, SEL_KNN, 31, 6, 12, 13.1947, 0.390766, 13.5854
HARRIS, BRIEF, MAT_FLANN, SEL_KNN, 26, 6, 20, 11.5341, 0.455379, 11.9895
HARRIS, BRIEF, MAT_FLANN, SEL_KNN, 34, 6, 21, 17.7344, 0.453574, 18.188
HARRIS, ORB, MAT_BF, SEL_NN, 14, 6, 17, 12.6238, 0.094109, 12.7179
HARRIS, ORB, MAT_BF, SEL_NN, 18, 6, 14, 11.7826, 0.072113, 11.8547
HARRIS, ORB, MAT_BF, SEL_NN, 21, 6, 18, 12.6143, 0.073048, 12.6874
HARRIS, ORB, MAT_BF, SEL_NN, 26, 6, 21, 12.3614, 0.086482, 12.4479
HARRIS, ORB, MAT_BF, SEL_NN, 43, 6, 26, 31.2221, 0.125151, 31.3473
HARRIS, ORB, MAT_BF, SEL_NN, 18, 6, 43, 15.3307, 0.09397, 15.4246
HARRIS, ORB, MAT_BF, SEL_NN, 31, 6, 18, 14.056, 0.081028, 14.137
HARRIS, ORB, MAT_BF, SEL_NN, 26, 6, 31, 11.5248, 0.092709, 11.6175
HARRIS, ORB, MAT_BF, SEL_NN, 34, 6, 26, 18.8899, 0.138005, 19.0279
HARRIS, ORB, MAT_BF, SEL_KNN, 14, 6, 12, 11.8107, 0.150408, 11.9611
HARRIS, ORB, MAT_BF, SEL_KNN, 18, 6, 12, 14.4553, 0.172482, 14.6278
HARRIS, ORB, MAT_BF, SEL_KNN, 21, 6, 15, 11.4151, 0.142169, 11.5573
HARRIS, ORB, MAT_BF, SEL_KNN, 26, 6, 18, 14.4037, 0.151389, 14.555
HARRIS, ORB, MAT_BF, SEL_KNN, 43, 6, 24, 26.4313, 0.130793, 26.5621
HARRIS, ORB, MAT_BF, SEL_KNN, 18, 6, 20, 10.9278, 0.231035, 11.1588
HARRIS, ORB, MAT_BF, SEL_KNN, 31, 6, 15, 15.8857, 0.154788, 16.0405
HARRIS, ORB, MAT_BF, SEL_KNN, 26, 6, 24, 13.0238, 0.134102, 13.1579
HARRIS, ORB, MAT_BF, SEL_KNN, 34, 6, 22, 17.9568, 0.14734, 18.1042
HARRIS, ORB, MAT_FLANN, SEL_NN, 14, 6, 17, 10.8578, 0.204448, 11.0622
HARRIS, ORB, MAT_FLANN, SEL_NN, 18, 6, 14, 11.9644, 0.23644, 12.2008
HARRIS, ORB, MAT_FLANN, SEL_NN, 21, 6, 18, 10.6226, 0.244832, 10.8675
HARRIS, ORB, MAT_FLANN, SEL_NN, 26, 6, 21, 13.1233, 0.346091, 13.4694
HARRIS, ORB, MAT_FLANN, SEL_NN, 43, 6, 26, 27.9433, 0.425584, 28.3689
HARRIS, ORB, MAT_FLANN, SEL_NN, 18, 6, 43, 10.9003, 0.321724, 11.222
HARRIS, ORB, MAT_FLANN, SEL_NN, 31, 6, 18, 14.2481, 0.325402, 14.5735
HARRIS, ORB, MAT_FLANN, SEL_NN, 26, 6, 31, 12.6372, 0.529573, 13.1668
HARRIS, ORB, MAT_FLANN, SEL_NN, 34, 6, 26, 19.8454, 0.545394, 20.3908
HARRIS, ORB, MAT_FLANN, SEL_KNN, 14, 6, 11, 13.5328, 0.192854, 13.7257
HARRIS, ORB, MAT_FLANN, SEL_KNN, 18, 6, 11, 15.0749, 0.293925, 15.3689
HARRIS, ORB, MAT_FLANN, SEL_KNN, 21, 6, 14, 12.1197, 0.357364, 12.4771
HARRIS, ORB, MAT_FLANN, SEL_KNN, 26, 6, 17, 11.621, 0.415567, 12.0365
HARRIS, ORB, MAT_FLANN, SEL_KNN, 43, 6, 19, 26.6906, 0.531019, 27.2216
HARRIS, ORB, MAT_FLANN, SEL_KNN, 18, 6, 19, 10.8009, 0.459227, 11.2601
HARRIS, ORB, MAT_FLANN, SEL_KNN, 31, 6, 13, 13.9002, 0.432938, 14.3331
HARRIS, ORB, MAT_FLANN, SEL_KNN, 26, 6, 21, 12.1822, 0.520375, 12.7026
HARRIS, ORB, MAT_FLANN, SEL_KNN, 34, 6, 20, 16.2672, 0.511826, 16.779
HARRIS, FREAK, MAT_BF, SEL_NN, 14, 6, 17, 12.506, 0.105756, 12.6118
HARRIS, FREAK, MAT_BF, SEL_NN, 18, 6, 14, 11.792, 0.103832, 11.8958
HARRIS, FREAK, MAT_BF, SEL_NN, 21, 6, 18, 12.8726, 0.100049, 12.9727
HARRIS, FREAK, MAT_BF, SEL_NN, 26, 6, 21, 17.268, 0.1101, 17.3781
HARRIS, FREAK, MAT_BF, SEL_NN, 43, 6, 26, 27.4868, 0.141457, 27.6283
HARRIS, FREAK, MAT_BF, SEL_NN, 18, 6, 43, 12.3102, 0.121578, 12.4317
HARRIS, FREAK, MAT_BF, SEL_NN, 31, 6, 18, 15.799, 0.098449, 15.8974
HARRIS, FREAK, MAT_BF, SEL_NN, 26, 6, 31, 13.456, 0.145638, 13.6016
HARRIS, FREAK, MAT_BF, SEL_NN, 34, 6, 26, 19.1791, 0.106565, 19.2857
HARRIS, FREAK, MAT_BF, SEL_KNN, 14, 6, 13, 11.8504, 0.152453, 12.0028
HARRIS, FREAK, MAT_BF, SEL_KNN, 18, 6, 13, 12.1792, 0.131949, 12.3112
HARRIS, FREAK, MAT_BF, SEL_KNN, 21, 6, 15, 12.4957, 0.154026, 12.6497
HARRIS, FREAK, MAT_BF, SEL_KNN, 26, 6, 15, 13.6132, 0.159942, 13.7732
HARRIS, FREAK, MAT_BF, SEL_KNN, 43, 6, 17, 33.689, 0.1752, 33.8642
HARRIS, FREAK, MAT_BF, SEL_KNN, 18, 6, 20, 12.5514, 0.185855, 12.7373
HARRIS, FREAK, MAT_BF, SEL_KNN, 31, 6, 12, 14.7049, 0.172491, 14.8774
HARRIS, FREAK, MAT_BF, SEL_KNN, 26, 6, 21, 13.3205, 0.160834, 13.4814
HARRIS, FREAK, MAT_BF, SEL_KNN, 34, 6, 18, 22.8723, 0.190412, 23.0627
HARRIS, FREAK, MAT_FLANN, SEL_NN, 14, 6, 17, 12.709, 0.201298, 12.9103
HARRIS, FREAK, MAT_FLANN, SEL_NN, 18, 6, 14, 12.3181, 0.208416, 12.5265
HARRIS, FREAK, MAT_FLANN, SEL_NN, 21, 6, 18, 13.2983, 0.392076, 13.6903
HARRIS, FREAK, MAT_FLANN, SEL_NN, 26, 6, 21, 13.3975, 0.412745, 13.8102
HARRIS, FREAK, MAT_FLANN, SEL_NN, 43, 6, 26, 31.9904, 0.458739, 32.4492
HARRIS, FREAK, MAT_FLANN, SEL_NN, 18, 6, 43, 13.7925, 0.509154, 14.3016
HARRIS, FREAK, MAT_FLANN, SEL_NN, 31, 6, 18, 14.771, 0.487846, 15.2589
HARRIS, FREAK, MAT_FLANN, SEL_NN, 26, 6, 31, 15.6778, 0.502098, 16.1799
HARRIS, FREAK, MAT_FLANN, SEL_NN, 34, 6, 26, 24.3997, 0.438399, 24.8381
HARRIS, FREAK, MAT_FLANN, SEL_KNN, 14, 6, 11, 13.3144, 0.220437, 13.5349
HARRIS, FREAK, MAT_FLANN, SEL_KNN, 18, 6, 9, 12.2448, 0.260408, 12.5052
HARRIS, FREAK, MAT_FLANN, SEL_KNN, 21, 6, 13, 11.482, 0.377876, 11.8599
HARRIS, FREAK, MAT_FLANN, SEL_KNN, 26, 6, 14, 11.2395, 0.421036, 11.6606
HARRIS, FREAK, MAT_FLANN, SEL_KNN, 43, 6, 13, 27.9367, 0.449147, 28.3858
HARRIS, FREAK, MAT_FLANN, SEL_KNN, 18, 6, 18, 13.0931, 0.504671, 13.5977
HARRIS, FREAK, MAT_FLANN, SEL_KNN, 31, 6, 10, 18.7513, 0.417531, 19.1689
HARRIS, FREAK, MAT_FLANN, SEL_KNN, 26, 6, 17, 17.598, 0.53506, 18.133
HARRIS, FREAK, MAT_FLANN, SEL_KNN, 34, 6, 18, 23.2956, 0.47416, 23.7698
HARRIS, SIFT, MAT_BF, SEL_NN, 14, 6, 17, 11.2064, 0.050148, 11.2566
HARRIS, SIFT, MAT_BF, SEL_NN, 18, 6, 14, 14.4259, 0.040173, 14.4661
HARRIS, SIFT, MAT_BF, SEL_NN, 21, 6, 18, 19.1629, 0.08618, 19.2491
HARRIS, SIFT, MAT_BF, SEL_NN, 26, 6, 21, 12.9856, 0.061144, 13.0468
HARRIS, SIFT, MAT_BF, SEL_NN, 43, 6, 26, 27.2077, 0.082858, 27.2906
HARRIS, SIFT, MAT_BF, SEL_NN, 18, 6, 43, 11.8532, 0.117791, 11.971
HARRIS, SIFT, MAT_BF, SEL_NN, 31, 6, 18, 14.5841, 0.058343, 14.6425
HARRIS, SIFT, MAT_BF, SEL_NN, 26, 6, 31, 12.7817, 0.074621, 12.8563
HARRIS, SIFT, MAT_BF, SEL_NN, 34, 6, 26, 22.6059, 0.084425, 22.6903
HARRIS, SIFT, MAT_BF, SEL_KNN, 14, 6, 14, 11.6992, 0.108077, 11.8072
HARRIS, SIFT, MAT_BF, SEL_KNN, 18, 6, 11, 12.0086, 0.098404, 12.107
HARRIS, SIFT, MAT_BF, SEL_KNN, 21, 6, 16, 17.2582, 0.110607, 17.3689
HARRIS, SIFT, MAT_BF, SEL_KNN, 26, 6, 19, 14.854, 0.130442, 14.9844
HARRIS, SIFT, MAT_BF, SEL_KNN, 43, 6, 22, 31.0578, 0.124288, 31.1821
HARRIS, SIFT, MAT_BF, SEL_KNN, 18, 6, 22, 11.9694, 0.153688, 12.1231
HARRIS, SIFT, MAT_BF, SEL_KNN, 31, 6, 13, 15.5682, 0.112319, 15.6805
HARRIS, SIFT, MAT_BF, SEL_KNN, 26, 6, 24, 23.6254, 0.14561, 23.771
HARRIS, SIFT, MAT_BF, SEL_KNN, 34, 6, 22, 18.065, 0.143469, 18.2085
HARRIS, SIFT, MAT_FLANN, SEL_NN, 14, 6, 17, 12.983, 0.264007, 13.247
HARRIS, SIFT, MAT_FLANN, SEL_NN, 18, 6, 14, 11.752, 0.24593, 11.9979
HARRIS, SIFT, MAT_FLANN, SEL_NN, 21, 6, 18, 12.4855, 0.349689, 12.8352
HARRIS, SIFT, MAT_FLANN, SEL_NN, 26, 6, 21, 15.3687, 0.416992, 15.7857
HARRIS, SIFT, MAT_FLANN, SEL_NN, 43, 6, 26, 30.23, 0.538032, 30.768
HARRIS, SIFT, MAT_FLANN, SEL_NN, 18, 6, 43, 14.1938, 0.525023, 14.7188
HARRIS, SIFT, MAT_FLANN, SEL_NN, 31, 6, 18, 17.5496, 0.406687, 17.9562
HARRIS, SIFT, MAT_FLANN, SEL_NN, 26, 6, 31, 16.3655, 0.524161, 16.8897
HARRIS, SIFT, MAT_FLANN, SEL_NN, 34, 6, 26, 23.258, 0.545757, 23.8037
HARRIS, SIFT, MAT_FLANN, SEL_KNN, 14, 6, 14, 15.2694, 0.358881, 15.6283
HARRIS, SIFT, MAT_FLANN, SEL_KNN, 18, 6, 11, 12.6776, 0.36178, 13.0394
HARRIS, SIFT, MAT_FLANN, SEL_KNN, 21, 6, 16, 22.0862, 0.455681, 22.5419
HARRIS, SIFT, MAT_FLANN, SEL_KNN, 26, 6, 19, 17.0752, 0.59619, 17.6714
HARRIS, SIFT, MAT_FLANN, SEL_KNN, 43, 6, 22, 33.5224, 0.987814, 34.5102
HARRIS, SIFT, MAT_FLANN, SEL_KNN, 18, 6, 22, 11.2776, 0.725496, 12.0031
HARRIS, SIFT, MAT_FLANN, SEL_KNN, 31, 6, 13, 15.6494, 0.59076, 16.2402
HARRIS, SIFT, MAT_FLANN, SEL_KNN, 26, 6, 24, 13.3467, 0.708598, 14.0553
HARRIS, SIFT, MAT_FLANN, SEL_KNN, 34, 6, 22, 19.4517, 0.760334, 20.212
FAST, BRISK, MAT_BF, SEL_NN, 427, 7, 419, 2.64739, 2.20801, 4.8554
FAST, BRISK, MAT_BF, SEL_NN, 404, 7, 427, 2.06102, 2.18781, 4.24883
FAST, BRISK, MAT_BF, SEL_NN, 423, 7, 404, 2.72066, 2.06249, 4.78315
FAST, BRISK, MAT_BF, SEL_NN, 386, 7, 423, 2.6986, 2.00052, 4.69912
FAST, BRISK, MAT_BF, SEL_NN, 414, 7, 386, 2.2465, 2.20806, 4.45456
FAST, BRISK, MAT_BF, SEL_NN, 418, 7, 414, 2.08067, 2.16667, 4.24733
FAST, BRISK, MAT_BF, SEL_NN, 406, 7, 418, 2.60798, 2.0305, 4.63848
FAST, BRISK, MAT_BF, SEL_NN, 396, 7, 406, 2.41392, 2.03127, 4.44519
FAST, BRISK, MAT_BF, SEL_NN, 401, 7, 396, 2.54322, 2.00501, 4.54823
FAST, BRISK, MAT_BF, SEL_KNN, 427, 7, 256, 2.35215, 2.46288, 4.81503
FAST, BRISK, MAT_BF, SEL_KNN, 404, 7, 243, 2.2428, 2.38273, 4.62553
FAST, BRISK, MAT_BF, SEL_KNN, 423, 7, 241, 2.26705, 2.26901, 4.53606
FAST, BRISK, MAT_BF, SEL_KNN, 386, 7, 239, 2.60904, 2.47778, 5.08682
FAST, BRISK, MAT_BF, SEL_KNN, 414, 7, 215, 2.24601, 2.24217, 4.48817
FAST, BRISK, MAT_BF, SEL_KNN, 418, 7, 251, 2.17166, 2.36154, 4.5332
FAST, BRISK, MAT_BF, SEL_KNN, 406, 7, 248, 2.49008, 2.17712, 4.6672
FAST, BRISK, MAT_BF, SEL_KNN, 396, 7, 243, 2.12078, 2.20762, 4.32841
FAST, BRISK, MAT_BF, SEL_KNN, 401, 7, 247, 2.38739, 2.07221, 4.4596
FAST, BRISK, MAT_FLANN, SEL_NN, 427, 7, 419, 2.2191, 5.91741, 8.13651
FAST, BRISK, MAT_FLANN, SEL_NN, 404, 7, 427, 2.17004, 5.94469, 8.11473
FAST, BRISK, MAT_FLANN, SEL_NN, 423, 7, 404, 1.85721, 5.91072, 7.76793
FAST, BRISK, MAT_FLANN, SEL_NN, 386, 7, 423, 2.10086, 5.75893, 7.85979
FAST, BRISK, MAT_FLANN, SEL_NN, 414, 7, 386, 1.98483, 6.1677, 8.15254
FAST, BRISK, MAT_FLANN, SEL_NN, 418, 7, 414, 2.14562, 5.76598, 7.91161
FAST, BRISK, MAT_FLANN, SEL_NN, 406, 7, 418, 1.94996, 5.6182, 7.56816
FAST, BRISK, MAT_FLANN, SEL_NN, 396, 7, 406, 1.91767, 5.31393, 7.2316
FAST, BRISK, MAT_FLANN, SEL_NN, 401, 7, 396, 2.11213, 5.56447, 7.6766
FAST, BRISK, MAT_FLANN, SEL_KNN, 427, 7, 214, 2.35619, 6.51539, 8.87158
FAST, BRISK, MAT_FLANN, SEL_KNN, 404, 7, 217, 2.09474, 6.12916, 8.2239
FAST, BRISK, MAT_FLANN, SEL_KNN, 423, 7, 186, 1.80405, 6.44415, 8.24821
FAST, BRISK, MAT_FLANN, SEL_KNN, 386, 7, 205, 2.04157, 6.22416, 8.26572
FAST, BRISK, MAT_FLANN, SEL_KNN, 414, 7, 189, 1.88812, 6.16021, 8.04833
FAST, BRISK, MAT_FLANN, SEL_KNN, 418, 7, 203, 2.10282, 6.1182, 8.22101
FAST, BRISK, MAT_FLANN, SEL_KNN, 406, 7, 216, 2.16989, 6.56883, 8.73872
FAST, BRISK, MAT_FLANN, SEL_KNN, 396, 7, 200, 2.10253, 5.9315, 8.03403
FAST, BRISK, MAT_FLANN, SEL_KNN, 401, 7, 212, 2.11405, 5.89538, 8.00943
FAST, BRIEF, MAT_BF, SEL_NN, 427, 7, 419, 3.33659, 2.67862, 6.01521
FAST, BRIEF, MAT_BF, SEL_NN, 404, 7, 427, 1.95727, 2.08325, 4.04052
FAST, BRIEF, MAT_BF, SEL_NN, 423, 7, 404, 2.3308, 1.86486, 4.19566
FAST, BRIEF, MAT_BF, SEL_NN, 386, 7, 423, 2.01245, 1.76479, 3.77723
FAST, BRIEF, MAT_BF, SEL_NN, 414, 7, 386, 2.46265, 2.35329, 4.81594
FAST, BRIEF, MAT_BF, SEL_NN, 418, 7, 414, 2.09066, 2.12792, 4.21858
FAST, BRIEF, MAT_BF, SEL_NN, 406, 7, 418, 2.20869, 2.49906, 4.70776
FAST, BRIEF, MAT_BF, SEL_NN, 396, 7, 406, 2.10954, 1.83607, 3.94562
FAST, BRIEF, MAT_BF, SEL_NN, 401, 7, 396, 2.10962, 2.1237, 4.23332
FAST, BRIEF, MAT_BF, SEL_KNN, 427, 7, 320, 1.88377, 2.60386, 4.48763
FAST, BRIEF, MAT_BF, SEL_KNN, 404, 7, 332, 2.24869, 2.12144, 4.37013
FAST, BRIEF, MAT_BF, SEL_KNN, 423, 7, 299, 2.11997, 2.19071, 4.31068
FAST, BRIEF, MAT_BF, SEL_KNN, 386, 7, 331, 2.93374, 2.4511, 5.38484
FAST, BRIEF, MAT_BF, SEL_KNN, 414, 7, 276, 1.80316, 2.09979, 3.90294
FAST, BRIEF, MAT_BF, SEL_KNN, 418, 7, 327, 2.11706, 2.19484, 4.31191
FAST, BRIEF, MAT_BF, SEL_KNN, 406, 7, 324, 2.04357, 2.10262, 4.1462
FAST, BRIEF, MAT_BF, SEL_KNN, 396, 7, 315, 2.08182, 2.59498, 4.6768
FAST, BRIEF, MAT_BF, SEL_KNN, 401, 7, 307, 2.95791, 2.16184, 5.11975
FAST, BRIEF, MAT_FLANN, SEL_NN, 427, 7, 419, 2.07992, 5.11184, 7.19176
FAST, BRIEF, MAT_FLANN, SEL_NN, 404, 7, 427, 2.88911, 6.82142, 9.71053
FAST, BRIEF, MAT_FLANN, SEL_NN, 423, 7, 404, 2.13139, 5.05767, 7.18906
FAST, BRIEF, MAT_FLANN, SEL_NN, 386, 7, 423, 2.07443, 4.78413, 6.85855
FAST, BRIEF, MAT_FLANN, SEL_NN, 414, 7, 386, 2.07687, 5.2411, 7.31796
FAST, BRIEF, MAT_FLANN, SEL_NN, 418, 7, 414, 2.08402, 4.98442, 7.06844
FAST, BRIEF, MAT_FLANN, SEL_NN, 406, 7, 418, 2.12462, 4.81216, 6.93677
FAST, BRIEF, MAT_FLANN, SEL_NN, 396, 7, 406, 2.04881, 5.16397, 7.21278
FAST, BRIEF, MAT_FLANN, SEL_NN, 401, 7, 396, 2.13834, 5.18167, 7.32002
FAST, BRIEF, MAT_FLANN, SEL_KNN, 427, 7, 232, 2.11375, 5.66297, 7.77672
FAST, BRIEF, MAT_FLANN, SEL_KNN, 404, 7, 254, 2.2192, 5.51149, 7.73069
FAST, BRIEF, MAT_FLANN, SEL_KNN, 423, 7, 238, 1.99364, 5.53728, 7.53092
FAST, BRIEF, MAT_FLANN, SEL_KNN, 386, 7, 245, 2.05002, 5.38928, 7.4393
FAST, BRIEF, MAT_FLANN, SEL_KNN, 414, 7, 231, 1.93283, 5.26227, 7.1951
FAST, BRIEF, MAT_FLANN, SEL_KNN, 418, 7, 248, 2.02547, 7.6505, 9.67597
FAST, BRIEF, MAT_FLANN, SEL_KNN, 406, 7, 258, 2.14607, 5.55507, 7.70114
FAST, BRIEF, MAT_FLANN, SEL_KNN, 396, 7, 264, 3.18241, 6.51273, 9.69514
FAST, BRIEF, MAT_FLANN, SEL_KNN, 401, 7, 239, 2.08059, 5.49674, 7.57732
FAST, ORB, MAT_BF, SEL_NN, 427, 7, 419, 1.94214, 2.09076, 4.0329
FAST, ORB, MAT_BF, SEL_NN, 404, 7, 427, 2.22194, 2.19722, 4.41916
FAST, ORB, MAT_BF, SEL_NN, 423, 7, 404, 2.13579, 2.11752, 4.25331
FAST, ORB, MAT_BF, SEL_NN, 386, 7, 423, 2.12577, 2.27935, 4.40512
FAST, ORB, MAT_BF, SEL_NN, 414, 7, 386, 1.99458, 1.90003, 3.89461
FAST, ORB, MAT_BF, SEL_NN, 418, 7, 414, 1.89999, 2.66853, 4.56851
FAST, ORB, MAT_BF, SEL_NN, 406, 7, 418, 2.04343, 1.92708, 3.97051
FAST, ORB, MAT_BF, SEL_NN, 396, 7, 406, 2.21364, 2.37822, 4.59185
FAST, ORB, MAT_BF, SEL_NN, 401, 7, 396, 2.47252, 1.92458, 4.39711
FAST, ORB, MAT_BF, SEL_KNN, 427, 7, 307, 2.51827, 2.25458, 4.77286
FAST, ORB, MAT_BF, SEL_KNN, 404, 7, 308, 2.00319, 2.16075, 4.16394
FAST, ORB, MAT_BF, SEL_KNN, 423, 7, 298, 2.0709, 2.74748, 4.81838
FAST, ORB, MAT_BF, SEL_KNN, 386, 7, 321, 1.95111, 2.11855, 4.06966
FAST, ORB, MAT_BF, SEL_KNN, 414, 7, 283, 2.68994, 1.95841, 4.64835
FAST, ORB, MAT_BF, SEL_KNN, 418, 7, 315, 2.08157, 2.20902, 4.29059
FAST, ORB, MAT_BF, SEL_KNN, 406, 7, 323, 2.05387, 2.57598, 4.62985
FAST, ORB, MAT_BF, SEL_KNN, 396, 7, 302, 2.01074, 2.15639, 4.16713
FAST, ORB, MAT_BF, SEL_KNN, 401, 7, 311, 2.17799, 2.39096, 4.56895
FAST, ORB, MAT_FLANN, SEL_NN, 427, 7, 419, 2.09025, 5.33037, 7.42062
FAST, ORB, MAT_FLANN, SEL_NN, 404, 7, 427, 2.07571, 5.25363, 7.32935
FAST, ORB, MAT_FLANN, SEL_NN, 423, 7, 404, 1.93563, 5.12332, 7.05895
FAST, ORB, MAT_FLANN, SEL_NN, 386, 7, 423, 2.06627, 5.0438, 7.11006
FAST, ORB, MAT_FLANN, SEL_NN, 414, 7, 386, 2.16087, 5.99197, 8.15284
FAST, ORB, MAT_FLANN, SEL_NN, 418, 7, 414, 2.68779, 5.4528, 8.14058
FAST, ORB, MAT_FLANN, SEL_NN, 406, 7, 418, 2.01263, 5.24859, 7.26121
FAST, ORB, MAT_FLANN, SEL_NN, 396, 7, 406, 2.00604, 5.06145, 7.06749
FAST, ORB, MAT_FLANN, SEL_NN, 401, 7, 396, 2.14712, 4.90355, 7.05066
FAST, ORB, MAT_FLANN, SEL_KNN, 427, 7, 238, 2.06099, 5.5418, 7.60279
FAST, ORB, MAT_FLANN, SEL_KNN, 404, 7, 221, 2.14886, 6.00881, 8.15768
FAST, ORB, MAT_FLANN, SEL_KNN, 423, 7, 222, 2.03726, 7.04288, 9.08014
FAST, ORB, MAT_FLANN, SEL_KNN, 386, 7, 230, 2.03515, 6.95447, 8.98962
FAST, ORB, MAT_FLANN, SEL_KNN, 414, 7, 229, 2.07613, 5.17741, 7.25354
FAST, ORB, MAT_FLANN, SEL_KNN, 418, 7, 240, 3.15754, 7.23993, 10.3975
FAST, ORB, MAT_FLANN, SEL_KNN, 406, 7, 252, 2.03676, 5.60722, 7.64399
FAST, ORB, MAT_FLANN, SEL_KNN, 396, 7, 229, 2.10047, 5.33561, 7.43608
FAST, ORB, MAT_FLANN, SEL_KNN, 401, 7, 238, 2.24139, 6.04288, 8.28427
FAST, FREAK, MAT_BF, SEL_NN, 427, 7, 419, 2.19361, 2.35919, 4.5528
FAST, FREAK, MAT_BF, SEL_NN, 404, 7, 427, 2.09252, 2.12508, 4.2176
FAST, FREAK, MAT_BF, SEL_NN, 423, 7, 404, 2.10594, 2.22375, 4.32969
FAST, FREAK, MAT_BF, SEL_NN, 386, 7, 423, 2.09154, 2.09573, 4.18727
FAST, FREAK, MAT_BF, SEL_NN, 414, 7, 386, 2.15922, 2.30575, 4.46497
FAST, FREAK, MAT_BF, SEL_NN, 418, 7, 414, 2.04261, 2.10208, 4.14469
FAST, FREAK, MAT_BF, SEL_NN, 406, 7, 418, 2.101, 2.73821, 4.83921
FAST, FREAK, MAT_BF, SEL_NN, 396, 7, 406, 3.26605, 2.00709, 5.27313
FAST, FREAK, MAT_BF, SEL_NN, 401, 7, 396, 2.16401, 2.0378, 4.20181
FAST, FREAK, MAT_BF, SEL_KNN, 427, 7, 251, 2.19964, 2.5913, 4.79093
FAST, FREAK, MAT_BF, SEL_KNN, 404, 7, 247, 2.29386, 2.34934, 4.6432
FAST, FREAK, MAT_BF, SEL_KNN, 423, 7, 233, 2.05482, 2.27272, 4.32754
FAST, FREAK, MAT_BF, SEL_KNN, 386, 7, 255, 2.15944, 2.14414, 4.30357
FAST, FREAK, MAT_BF, SEL_KNN, 414, 7, 231, 2.18616, 2.31498, 4.50114
FAST, FREAK, MAT_BF, SEL_KNN, 418, 7, 265, 2.15064, 2.395, 4.54564
FAST, FREAK, MAT_BF, SEL_KNN, 406, 7, 251, 2.09722, 2.247, 4.34422
FAST, FREAK, MAT_BF, SEL_KNN, 396, 7, 253, 2.16494, 2.13607, 4.301
FAST, FREAK, MAT_BF, SEL_KNN, 401, 7, 247, 2.55071, 2.18321, 4.73392
FAST, FREAK, MAT_FLANN, SEL_NN, 427, 7, 419, 2.09135, 5.98419, 8.07554
FAST, FREAK, MAT_FLANN, SEL_NN, 404, 7, 427, 2.1196, 6.38994, 8.50954
FAST, FREAK, MAT_FLANN, SEL_NN, 423, 7, 404, 2.07097, 5.94475, 8.01571
FAST, FREAK, MAT_FLANN, SEL_NN, 386, 7, 423, 2.0326, 5.82868, 7.86128
FAST, FREAK, MAT_FLANN, SEL_NN, 414, 7, 386, 1.9676, 5.80817, 7.77577
FAST, FREAK, MAT_FLANN, SEL_NN, 418, 7, 414, 2.2403, 6.60643, 8.84673
FAST, FREAK, MAT_FLANN, SEL_NN, 406, 7, 418, 2.11668, 6.31181, 8.42849
FAST, FREAK, MAT_FLANN, SEL_NN, 396, 7, 406, 2.01894, 5.89192, 7.91086
FAST, FREAK, MAT_FLANN, SEL_NN, 401, 7, 396, 2.51911, 5.77071, 8.28982
FAST, FREAK, MAT_FLANN, SEL_KNN, 427, 7, 177, 3.44995, 7.60967, 11.0596
FAST, FREAK, MAT_FLANN, SEL_KNN, 404, 7, 190, 2.93806, 6.40987, 9.34793
FAST, FREAK, MAT_FLANN, SEL_KNN, 423, 7, 164, 2.07534, 6.04396, 8.1193
FAST, FREAK, MAT_FLANN, SEL_KNN, 386, 7, 188, 2.11693, 6.47245, 8.58938
FAST, FREAK, MAT_FLANN, SEL_KNN, 414, 7, 168, 2.0511, 5.86616, 7.91726
FAST, FREAK, MAT_FLANN, SEL_KNN, 418, 7, 179, 2.14431, 6.87085, 9.01516
FAST, FREAK, MAT_FLANN, SEL_KNN, 406, 7, 193, 1.88289, 5.86104, 7.74393
FAST, FREAK, MAT_FLANN, SEL_KNN, 396, 7, 170, 2.08496, 6.14706, 8.23202
FAST, FREAK, MAT_FLANN, SEL_KNN, 401, 7, 174, 2.10038, 6.02887, 8.12925
FAST, SIFT, MAT_BF, SEL_NN, 427, 7, 419, 2.80502, 4.09802, 6.90304
FAST, SIFT, MAT_BF, SEL_NN, 404, 7, 427, 2.02852, 3.28984, 5.31836
FAST, SIFT, MAT_BF, SEL_NN, 423, 7, 404, 2.91423, 3.92113, 6.83536
FAST, SIFT, MAT_BF, SEL_NN, 386, 7, 423, 2.12668, 3.20311, 5.32979
FAST, SIFT, MAT_BF, SEL_NN, 414, 7, 386, 2.43472, 3.98777, 6.42249
FAST, SIFT, MAT_BF, SEL_NN, 418, 7, 414, 3.29036, 4.71422, 8.00457
FAST, SIFT, MAT_BF, SEL_NN, 406, 7, 418, 2.15322, 3.71554, 5.86876
FAST, SIFT, MAT_BF, SEL_NN, 396, 7, 406, 2.18413, 3.11043, 5.29456
FAST, SIFT, MAT_BF, SEL_NN, 401, 7, 396, 2.14677, 4.11791, 6.26469
FAST, SIFT, MAT_BF, SEL_KNN, 427, 7, 316, 2.14101, 3.57545, 5.71646
FAST, SIFT, MAT_BF, SEL_KNN, 404, 7, 325, 2.06962, 3.58078, 5.6504
FAST, SIFT, MAT_BF, SEL_KNN, 423, 7, 297, 2.0693, 3.40773, 5.47703
FAST, SIFT, MAT_BF, SEL_KNN, 386, 7, 311, 2.23926, 3.27671, 5.51598
FAST, SIFT, MAT_BF, SEL_KNN, 414, 7, 291, 2.54766, 3.17006, 5.71772
FAST, SIFT, MAT_BF, SEL_KNN, 418, 7, 326, 2.23332, 3.77722, 6.01054
FAST, SIFT, MAT_BF, SEL_KNN, 406, 7, 315, 2.19803, 4.91432, 7.11235
FAST, SIFT, MAT_BF, SEL_KNN, 396, 7, 300, 2.12287, 4.46282, 6.58569
FAST, SIFT, MAT_BF, SEL_KNN, 401, 7, 301, 2.27535, 3.58677, 5.86212
FAST, SIFT, MAT_FLANN, SEL_NN, 427, 7, 419, 2.23122, 9.50446, 11.7357
FAST, SIFT, MAT_FLANN, SEL_NN, 404, 7, 427, 2.19172, 7.86773, 10.0594
FAST, SIFT, MAT_FLANN, SEL_NN, 423, 7, 404, 1.77349, 9.23437, 11.0079
FAST, SIFT, MAT_FLANN, SEL_NN, 386, 7, 423, 1.79215, 6.74983, 8.54198
FAST, SIFT, MAT_FLANN, SEL_NN, 414, 7, 386, 1.86353, 7.08144, 8.94497
FAST, SIFT, MAT_FLANN, SEL_NN, 418, 7, 414, 2.00082, 7.10019, 9.10102
FAST, SIFT, MAT_FLANN, SEL_NN, 406, 7, 418, 2.18396, 7.0771, 9.26106
FAST, SIFT, MAT_FLANN, SEL_NN, 396, 7, 406, 1.90785, 6.67149, 8.57933
FAST, SIFT, MAT_FLANN, SEL_NN, 401, 7, 396, 1.94463, 7.20365, 9.14828
FAST, SIFT, MAT_FLANN, SEL_KNN, 427, 7, 316, 1.71324, 8.55645, 10.2697
FAST, SIFT, MAT_FLANN, SEL_KNN, 404, 7, 325, 1.73914, 9.3504, 11.0895
FAST, SIFT, MAT_FLANN, SEL_KNN, 423, 7, 297, 2.30943, 9.52137, 11.8308
FAST, SIFT, MAT_FLANN, SEL_KNN, 386, 7, 312, 1.77448, 8.13114, 9.90563
FAST, SIFT, MAT_FLANN, SEL_KNN, 414, 7, 291, 2.9087, 10.2988, 13.2075
FAST, SIFT, MAT_FLANN, SEL_KNN, 418, 7, 327, 2.11219, 8.63383, 10.746
FAST, SIFT, MAT_FLANN, SEL_KNN, 406, 7, 318, 2.03132, 9.98757, 12.0189
FAST, SIFT, MAT_FLANN, SEL_KNN, 396, 7, 302, 2.20968, 9.59595, 11.8056
FAST, SIFT, MAT_FLANN, SEL_KNN, 401, 7, 301, 2.31548, 7.93684, 10.2523
BRISK, BRISK, MAT_BF, SEL_NN, 282, 16.5484, 264, 366.938, 1.00451, 367.942
BRISK, BRISK, MAT_BF, SEL_NN, 282, 13.0737, 282, 367.254, 1.26673, 368.521
BRISK, BRISK, MAT_BF, SEL_NN, 277, 11.6, 282, 361.67, 1.18251, 362.853
BRISK, BRISK, MAT_BF, SEL_NN, 297, 12, 277, 361.281, 0.958346, 362.239
BRISK, BRISK, MAT_BF, SEL_NN, 279, 12.1837, 297, 361.792, 1.14796, 362.94
BRISK, BRISK, MAT_BF, SEL_NN, 289, 11.5455, 279, 372.685, 1.18812, 373.873
BRISK, BRISK, MAT_BF, SEL_NN, 272, 13.625, 289, 381.422, 1.17203, 382.594
BRISK, BRISK, MAT_BF, SEL_NN, 266, 10.5714, 272, 378.056, 1.02165, 379.078
BRISK, BRISK, MAT_BF, SEL_NN, 254, 8.4, 266, 383.178, 0.953747, 384.132
BRISK, BRISK, MAT_BF, SEL_KNN, 282, 16.5484, 171, 381.385, 1.25737, 382.643
BRISK, BRISK, MAT_BF, SEL_KNN, 282, 13.0737, 176, 384.341, 1.38758, 385.728
BRISK, BRISK, MAT_BF, SEL_KNN, 277, 11.6, 157, 380.953, 1.26475, 382.218
BRISK, BRISK, MAT_BF, SEL_KNN, 297, 12, 176, 383.761, 1.35276, 385.114
BRISK, BRISK, MAT_BF, SEL_KNN, 279, 12.1837, 174, 376.806, 1.27088, 378.077
BRISK, BRISK, MAT_BF, SEL_KNN, 289, 11.5455, 188, 387.549, 1.23866, 388.787
BRISK, BRISK, MAT_BF, SEL_KNN, 272, 13.625, 173, 384.602, 1.19457, 385.796
BRISK, BRISK, MAT_BF, SEL_KNN, 266, 10.5714, 171, 377.248, 1.24682, 378.495
BRISK, BRISK, MAT_BF, SEL_KNN, 254, 8.4, 184, 373.172, 1.07885, 374.251
BRISK, BRISK, MAT_FLANN, SEL_NN, 282, 16.5484, 264, 373.747, 3.42041, 377.168
BRISK, BRISK, MAT_FLANN, SEL_NN, 282, 13.0737, 282, 377.595, 4.17184, 381.767
BRISK, BRISK, MAT_FLANN, SEL_NN, 277, 11.6, 282, 382.555, 4.01022, 386.565
BRISK, BRISK, MAT_FLANN, SEL_NN, 297, 12, 277, 382.137, 4.27638, 386.414
BRISK, BRISK, MAT_FLANN, SEL_NN, 279, 12.1837, 297, 384.115, 4.18662, 388.301
BRISK, BRISK, MAT_FLANN, SEL_NN, 289, 11.5455, 279, 378.738, 3.80857, 382.547
BRISK, BRISK, MAT_FLANN, SEL_NN, 272, 13.625, 289, 354.815, 3.7, 358.515
BRISK, BRISK, MAT_FLANN, SEL_NN, 266, 10.5714, 272, 365.611, 3.44687, 369.058
BRISK, BRISK, MAT_FLANN, SEL_NN, 254, 8.4, 266, 382.854, 3.89203, 386.746
BRISK, BRISK, MAT_FLANN, SEL_KNN, 282, 16.5484, 143, 386.837, 3.9563, 390.793
BRISK, BRISK, MAT_FLANN, SEL_KNN, 282, 13.0737, 150, 385.679, 4.2954, 389.974
BRISK, BRISK, MAT_FLANN, SEL_KNN, 277, 11.6, 132, 382.054, 4.13543, 386.19
BRISK, BRISK, MAT_FLANN, SEL_KNN, 297, 12, 144, 377.81, 4.23955, 382.05
BRISK, BRISK, MAT_FLANN, SEL_KNN, 279, 12.1837, 140, 383.215, 4.29654, 387.511
BRISK, BRISK, MAT_FLANN, SEL_KNN, 289, 11.5455, 158, 381.641, 4.17824, 385.82
BRISK, BRISK, MAT_FLANN, SEL_KNN, 272, 13.625, 138, 382.188, 4.49996, 386.687
BRISK, BRISK, MAT_FLANN, SEL_KNN, 266, 10.5714, 149, 380.655, 4.07579, 384.731
BRISK, BRISK, MAT_FLANN, SEL_KNN, 254, 8.4, 158, 384.178, 3.84632, 388.024
BRISK, BRIEF, MAT_BF, SEL_NN, 282, 16.5484, 264, 381.981, 0.957716, 382.939
BRISK, BRIEF, MAT_BF, SEL_NN, 282, 13.0737, 282, 384.766, 1.09926, 385.865
BRISK, BRIEF, MAT_BF, SEL_NN, 277, 11.6, 282, 385.201, 0.961611, 386.163
BRISK, BRIEF, MAT_BF, SEL_NN, 297, 12, 277, 383.503, 1.10199, 384.605
BRISK, BRIEF, MAT_BF, SEL_NN, 279, 12.1837, 297, 384.117, 1.04816, 385.166
BRISK, BRIEF, MAT_BF, SEL_NN, 289, 11.5455, 279, 370.663, 1.0421, 371.705
BRISK, BRIEF, MAT_BF, SEL_NN, 272, 13.625, 289, 373.035, 1.04373, 374.079
BRISK, BRIEF, MAT_BF, SEL_NN, 266, 10.5714, 272, 371.043, 0.966138, 372.009
BRISK, BRIEF, MAT_BF, SEL_NN, 254, 8.4, 266, 372.901, 0.846437, 373.747
BRISK, BRIEF, MAT_BF, SEL_KNN, 282, 16.5484, 178, 372.88, 1.06766, 373.947
BRISK, BRIEF, MAT_BF, SEL_KNN, 282, 13.0737, 205, 372.039, 1.09897, 373.138
BRISK, BRIEF, MAT_BF, SEL_KNN, 277, 11.6, 185, 377.791, 1.11556, 378.906
BRISK, BRIEF, MAT_BF, SEL_KNN, 297, 12, 179, 376.844, 1.14351, 377.987
BRISK, BRIEF, MAT_BF, SEL_KNN, 279, 12.1837, 183, 378.107, 1.17762, 379.285
BRISK, BRIEF, MAT_BF, SEL_KNN, 289, 11.5455, 195, 378.099, 1.20284, 379.302
BRISK, BRIEF, MAT_BF, SEL_KNN, 272, 13.625, 207, 372.374, 1.12426, 373.499
BRISK, BRIEF, MAT_BF, SEL_KNN, 266, 10.5714, 189, 375.411, 1.05734, 376.469
BRISK, BRIEF, MAT_BF, SEL_KNN, 254, 8.4, 183, 374.52, 1.03844, 375.559
BRISK, BRIEF, MAT_FLANN, SEL_NN, 282, 16.5484, 264, 380.864, 3.43875, 384.303
BRISK, BRIEF, MAT_FLANN, SEL_NN, 282, 13.0737, 282, 373.295, 3.25409, 376.549
BRISK, BRIEF, MAT_FLANN, SEL_NN, 277, 11.6, 282, 373.214, 3.27081, 376.485
BRISK, BRIEF, MAT_FLANN, SEL_NN, 297, 12, 277, 380.288, 3.31077, 383.599
BRISK, BRIEF, MAT_FLANN, SEL_NN, 279, 12.1837, 297, 375.922, 3.47824, 379.4
BRISK, BRIEF, MAT_FLANN, SEL_NN, 289, 11.5455, 279, 372.981, 3.15894, 376.14
BRISK, BRIEF, MAT_FLANN, SEL_NN, 272, 13.625, 289, 371.011, 3.21701, 374.228
BRISK, BRIEF, MAT_FLANN, SEL_NN, 266, 10.5714, 272, 379.534, 3.3448, 382.879
BRISK, BRIEF, MAT_FLANN, SEL_NN, 254, 8.4, 266, 376.568, 3.014, 379.582
BRISK, BRIEF, MAT_FLANN, SEL_KNN, 282, 16.5484, 139, 375.421, 3.41586, 378.837
BRISK, BRIEF, MAT_FLANN, SEL_KNN, 282, 13.0737, 167, 376.68, 3.7968, 380.476
BRISK, BRIEF, MAT_FLANN, SEL_KNN, 277, 11.6, 134, 377.403, 3.56063, 380.964
BRISK, BRIEF, MAT_FLANN, SEL_KNN, 297, 12, 144, 371.683, 3.54426, 375.228
BRISK, BRIEF, MAT_FLANN, SEL_KNN, 279, 12.1837, 150, 374.909, 3.79955, 378.709
BRISK, BRIEF, MAT_FLANN, SEL_KNN, 289, 11.5455, 160, 374.943, 3.57861, 378.522
BRISK, BRIEF, MAT_FLANN, SEL_KNN, 272, 13.625, 163, 372.768, 3.58966, 376.357
BRISK, BRIEF, MAT_FLANN, SEL_KNN, 266, 10.5714, 165, 373.471, 3.4036, 376.875
BRISK, BRIEF, MAT_FLANN, SEL_KNN, 254, 8.4, 149, 371.767, 3.26536, 375.032
BRISK, ORB, MAT_BF, SEL_NN, 282, 16.5484, 264, 382.045, 0.955216, 383.001
BRISK, ORB, MAT_BF, SEL_NN, 282, 13.0737, 282, 379.68, 1.03489, 380.715
BRISK, ORB, MAT_BF, SEL_NN, 277, 11.6, 282, 378.233, 0.977771, 379.21
BRISK, ORB, MAT_BF, SEL_NN, 297, 12, 277, 375.52, 1.06793, 376.588
BRISK, ORB, MAT_BF, SEL_NN, 279, 12.1837, 297, 372.617, 1.0932, 373.71
BRISK, ORB, MAT_BF, SEL_NN, 289, 11.5455, 279, 373.464, 1.0254, 374.489
BRISK, ORB, MAT_BF, SEL_NN, 272, 13.625, 289, 370.88, 1.05377, 371.934
BRISK, ORB, MAT_BF, SEL_NN, 266, 10.5714, 272, 373.981, 0.945654, 374.927
BRISK, ORB, MAT_BF, SEL_NN, 254, 8.4, 266, 375.571, 0.870713, 376.442
BRISK, ORB, MAT_BF, SEL_KNN, 282, 16.5484, 162, 375.91, 1.12415, 377.034
BRISK, ORB, MAT_BF, SEL_KNN, 282, 13.0737, 175, 376.196, 1.15152, 377.347
BRISK, ORB, MAT_BF, SEL_KNN, 277, 11.6, 158, 380.742, 1.19319, 381.935
BRISK, ORB, MAT_BF, SEL_KNN, 297, 12, 167, 377.946, 1.16198, 379.108
BRISK, ORB, MAT_BF, SEL_KNN, 279, 12.1837, 160, 378.882, 1.19191, 380.074
BRISK, ORB, MAT_BF, SEL_KNN, 289, 11.5455, 182, 383.867, 1.15298, 385.02
BRISK, ORB, MAT_BF, SEL_KNN, 272, 13.625, 167, 376.265, 1.12479, 377.39
BRISK, ORB, MAT_BF, SEL_KNN, 266, 10.5714, 171, 373.565, 1.09394, 374.659
BRISK, ORB, MAT_BF, SEL_KNN, 254, 8.4, 172, 371.966, 0.992593, 372.958
BRISK, ORB, MAT_FLANN, SEL_NN, 282, 16.5484, 264, 382.913, 3.38476, 386.298
BRISK, ORB, MAT_FLANN, SEL_NN, 282, 13.0737, 282, 379.449, 3.58753, 383.037
BRISK, ORB, MAT_FLANN, SEL_NN, 277, 11.6, 282, 380.964, 3.44704, 384.411
BRISK, ORB, MAT_FLANN, SEL_NN, 297, 12, 277, 380.709, 3.59949, 384.308
BRISK, ORB, MAT_FLANN, SEL_NN, 279, 12.1837, 297, 375.771, 3.6481, 379.419
BRISK, ORB, MAT_FLANN, SEL_NN, 289, 11.5455, 279, 381.673, 3.42938, 385.103
BRISK, ORB, MAT_FLANN, SEL_NN, 272, 13.625, 289, 376.081, 3.46614, 379.548
BRISK, ORB, MAT_FLANN, SEL_NN, 266, 10.5714, 272, 382.854, 3.25378, 386.108
BRISK, ORB, MAT_FLANN, SEL_NN, 254, 8.4, 266, 383.782, 3.36652, 387.148
BRISK, ORB, MAT_FLANN, SEL_KNN, 282, 16.5484, 104, 378.993, 3.83064, 382.824
BRISK, ORB, MAT_FLANN, SEL_KNN, 282, 13.0737, 107, 381.094, 3.91088, 385.005
BRISK, ORB, MAT_FLANN, SEL_KNN, 277, 11.6, 90, 384.305, 3.64491, 387.95
BRISK, ORB, MAT_FLANN, SEL_KNN, 297, 12, 104, 382.569, 3.70281, 386.272
BRISK, ORB, MAT_FLANN, SEL_KNN, 279, 12.1837, 90, 382.28, 3.88765, 386.168
BRISK, ORB, MAT_FLANN, SEL_KNN, 289, 11.5455, 112, 384.524, 3.68925, 388.214
BRISK, ORB, MAT_FLANN, SEL_KNN, 272, 13.625, 116, 371.365, 3.87209, 375.237
BRISK, ORB, MAT_FLANN, SEL_KNN, 266, 10.5714, 112, 380.105, 3.35949, 383.464
BRISK, ORB, MAT_FLANN, SEL_KNN, 254, 8.4, 124, 383.071, 3.76026, 386.831
BRISK, FREAK, MAT_BF, SEL_NN, 282, 16.5484, 242, 379.217, 0.865018, 380.082
BRISK, FREAK, MAT_BF, SEL_NN, 282, 13.0737, 260, 382.299, 0.989681, 383.288
BRISK, FREAK, MAT_BF, SEL_NN, 277, 11.6, 263, 383.009, 1.03994, 384.049
BRISK, FREAK, MAT_BF, SEL_NN, 297, 12, 264, 381.501, 1.3524, 382.854
BRISK, FREAK, MAT_BF, SEL_NN, 279, 12.1837, 274, 377.675, 0.925049, 378.6
BRISK, FREAK, MAT_BF, SEL_NN, 289, 11.5455, 256, 377.329, 0.943635, 378.272
BRISK, FREAK, MAT_BF, SEL_NN, 272, 13.625, 269, 380.021, 0.98292, 381.004
BRISK, FREAK, MAT_BF, SEL_NN, 266, 10.5714, 255, 381.931, 0.863946, 382.795
BRISK, FREAK, MAT_BF, SEL_NN, 254, 8.4, 243, 377.587, 0.804234, 378.392
BRISK, FREAK, MAT_BF, SEL_KNN, 282, 16.5484, 160, 379.751, 0.978238, 380.73
BRISK, FREAK, MAT_BF, SEL_KNN, 282, 13.0737, 177, 378.184, 1.12992, 379.314
BRISK, FREAK, MAT_BF, SEL_KNN, 277, 11.6, 155, 379.244, 1.10153, 380.346
BRISK, FREAK, MAT_BF, SEL_KNN, 297, 12, 173, 379.058, 1.16601, 380.224
BRISK, FREAK, MAT_BF, SEL_KNN, 279, 12.1837, 161, 379.534, 1.17961, 380.714
BRISK, FREAK, MAT_BF, SEL_KNN, 289, 11.5455, 183, 378.648, 1.12512, 379.773
BRISK, FREAK, MAT_BF, SEL_KNN, 272, 13.625, 169, 377.495, 1.06405, 378.559
BRISK, FREAK, MAT_BF, SEL_KNN, 266, 10.5714, 178, 379.932, 0.962231, 380.894
BRISK, FREAK, MAT_BF, SEL_KNN, 254, 8.4, 168, 376.377, 0.928725, 377.306
BRISK, FREAK, MAT_FLANN, SEL_NN, 282, 16.5484, 242, 383.122, 3.46843, 386.59
BRISK, FREAK, MAT_FLANN, SEL_NN, 282, 13.0737, 260, 379.584, 3.59618, 383.18
BRISK, FREAK, MAT_FLANN, SEL_NN, 277, 11.6, 263, 373.187, 3.92451, 377.111
BRISK, FREAK, MAT_FLANN, SEL_NN, 297, 12, 264, 381.393, 4.04399, 385.437
BRISK, FREAK, MAT_FLANN, SEL_NN, 279, 12.1837, 274, 378.288, 3.76246, 382.051
BRISK, FREAK, MAT_FLANN, SEL_NN, 289, 11.5455, 256, 376.589, 3.59371, 380.183
BRISK, FREAK, MAT_FLANN, SEL_NN, 272, 13.625, 269, 378.136, 3.66682, 381.802
BRISK, FREAK, MAT_FLANN, SEL_NN, 266, 10.5714, 255, 379.28, 3.60104, 382.881
BRISK, FREAK, MAT_FLANN, SEL_NN, 254, 8.4, 243, 383.363, 3.62055, 386.983
BRISK, FREAK, MAT_FLANN, SEL_KNN, 282, 16.5484, 116, 378.637, 3.64134, 382.278
BRISK, FREAK, MAT_FLANN, SEL_KNN, 282, 13.0737, 126, 379.453, 3.79575, 383.249
BRISK, FREAK, MAT_FLANN, SEL_KNN, 277, 11.6, 116, 376.642, 3.9157, 380.558
BRISK, FREAK, MAT_FLANN, SEL_KNN, 297, 12, 119, 380.014, 3.87833, 383.892
BRISK, FREAK, MAT_FLANN, SEL_KNN, 279, 12.1837, 105, 382.163, 3.95689, 386.12
BRISK, FREAK, MAT_FLANN, SEL_KNN, 289, 11.5455, 127, 381.093, 4.16767, 385.26
BRISK, FREAK, MAT_FLANN, SEL_KNN, 272, 13.625, 139, 375.996, 3.95503, 379.951
BRISK, FREAK, MAT_FLANN, SEL_KNN, 266, 10.5714, 131, 379.18, 3.77799, 382.958
BRISK, FREAK, MAT_FLANN, SEL_KNN, 254, 8.4, 131, 378.029, 3.5516, 381.581
BRISK, SIFT, MAT_BF, SEL_NN, 282, 16.5484, 264, 381.497, 1.49571, 382.993
BRISK, SIFT, MAT_BF, SEL_NN, 282, 13.0737, 282, 380.368, 2.20594, 382.574
BRISK, SIFT, MAT_BF, SEL_NN, 277, 11.6, 282, 376.154, 2.08061, 378.234
BRISK, SIFT, MAT_BF, SEL_NN, 297, 12, 277, 378.321, 1.92796, 380.249
BRISK, SIFT, MAT_BF, SEL_NN, 279, 12.1837, 297, 378.275, 2.12593, 380.401
BRISK, SIFT, MAT_BF, SEL_NN, 289, 11.5455, 279, 379.958, 2.09597, 382.054
BRISK, SIFT, MAT_BF, SEL_NN, 272, 13.625, 289, 378.397, 2.23531, 380.632
BRISK, SIFT, MAT_BF, SEL_NN, 266, 10.5714, 272, 383.343, 1.59315, 384.936
BRISK, SIFT, MAT_BF, SEL_NN, 254, 8.4, 266, 374.536, 2.08577, 376.622
BRISK, SIFT, MAT_BF, SEL_KNN, 282, 16.5484, 182, 382.324, 1.92085, 384.244
BRISK, SIFT, MAT_BF, SEL_KNN, 282, 13.0737, 193, 381.194, 1.77273, 382.967
BRISK, SIFT, MAT_BF, SEL_KNN, 277, 11.6, 169, 380.41, 2.50031, 382.91
BRISK, SIFT, MAT_BF, SEL_KNN, 297, 12, 183, 381.468, 2.25605, 383.724
BRISK, SIFT, MAT_BF, SEL_KNN, 279, 12.1837, 171, 379.908, 2.58806, 382.496
BRISK, SIFT, MAT_BF, SEL_KNN, 289, 11.5455, 195, 379.131, 2.44309, 381.574
BRISK, SIFT, MAT_BF, SEL_KNN, 272, 13.625, 194, 380.669, 2.30811, 382.977
BRISK, SIFT, MAT_BF, SEL_KNN, 266, 10.5714, 176, 369.967, 2.10357, 372.07
BRISK, SIFT, MAT_BF, SEL_KNN, 254, 8.4, 183, 381.023, 1.51587, 382.539
BRISK, SIFT, MAT_FLANN, SEL_NN, 282, 16.5484, 264, 382.945, 4.89636, 387.841
BRISK, SIFT, MAT_FLANN, SEL_NN, 282, 13.0737, 282, 385.206, 5.15119, 390.357
BRISK, SIFT, MAT_FLANN, SEL_NN, 277, 11.6, 282, 380.665, 6.37817, 387.043
BRISK, SIFT, MAT_FLANN, SEL_NN, 297, 12, 277, 382.735, 5.61392, 388.349
BRISK, SIFT, MAT_FLANN, SEL_NN, 279, 12.1837, 297, 376.213, 5.64526, 381.859
BRISK, SIFT, MAT_FLANN, SEL_NN, 289, 11.5455, 279, 382.295, 6.50134, 388.796
BRISK, SIFT, MAT_FLANN, SEL_NN, 272, 13.625, 289, 380.728, 6.77642, 387.505
BRISK, SIFT, MAT_FLANN, SEL_NN, 266, 10.5714, 272, 383.971, 5.2372, 389.208
BRISK, SIFT, MAT_FLANN, SEL_NN, 254, 8.4, 266, 380.286, 5.06791, 385.353
BRISK, SIFT, MAT_FLANN, SEL_KNN, 282, 16.5484, 183, 381.185, 6.10227, 387.288
BRISK, SIFT, MAT_FLANN, SEL_KNN, 282, 13.0737, 194, 385.089, 5.87967, 390.969
BRISK, SIFT, MAT_FLANN, SEL_KNN, 277, 11.6, 171, 374.15, 7.03725, 381.187
BRISK, SIFT, MAT_FLANN, SEL_KNN, 297, 12, 186, 375.48, 5.63959, 381.119
BRISK, SIFT, MAT_FLANN, SEL_KNN, 279, 12.1837, 171, 372.828, 7.84874, 380.676
BRISK, SIFT, MAT_FLANN, SEL_KNN, 289, 11.5455, 198, 372.455, 5.9231, 378.378
BRISK, SIFT, MAT_FLANN, SEL_KNN, 272, 13.625, 195, 376.034, 5.54401, 381.578
BRISK, SIFT, MAT_FLANN, SEL_KNN, 266, 10.5714, 178, 376.211, 7.06518, 383.276
BRISK, SIFT, MAT_FLANN, SEL_KNN, 254, 8.4, 184, 378.49, 5.33154, 383.822
ORB, BRISK, MAT_BF, SEL_NN, 102, 31, 83, 8.56299, 0.222749, 8.78574
ORB, BRISK, MAT_BF, SEL_NN, 106, 31, 93, 7.86799, 0.283462, 8.15145
ORB, BRISK, MAT_BF, SEL_NN, 113, 31, 95, 7.65786, 0.28958, 7.94744
ORB, BRISK, MAT_BF, SEL_NN, 109, 31, 103, 7.62536, 0.285255, 7.91062
ORB, BRISK, MAT_BF, SEL_NN, 125, 31, 101, 7.91884, 0.282521, 8.20136
ORB, BRISK, MAT_BF, SEL_NN, 130, 31, 116, 7.49415, 0.328956, 7.8231
ORB, BRISK, MAT_BF, SEL_NN, 129, 31, 120, 7.51749, 0.321507, 7.839
ORB, BRISK, MAT_BF, SEL_NN, 127, 31, 120, 8.18927, 0.33215, 8.52142
ORB, BRISK, MAT_BF, SEL_NN, 128, 31, 119, 8.38328, 0.298319, 8.6816
ORB, BRISK, MAT_BF, SEL_KNN, 102, 31, 73, 8.19026, 0.299953, 8.49022
ORB, BRISK, MAT_BF, SEL_KNN, 106, 31, 74, 8.05251, 0.347917, 8.40042
ORB, BRISK, MAT_BF, SEL_KNN, 113, 31, 79, 7.77662, 0.33487, 8.11149
ORB, BRISK, MAT_BF, SEL_KNN, 109, 31, 85, 8.94193, 0.305253, 9.24719
ORB, BRISK, MAT_BF, SEL_KNN, 125, 31, 79, 8.10145, 0.357144, 8.45859
ORB, BRISK, MAT_BF, SEL_KNN, 130, 31, 92, 7.57173, 0.443113, 8.01484
ORB, BRISK, MAT_BF, SEL_KNN, 129, 31, 90, 8.14772, 0.378669, 8.52638
ORB, BRISK, MAT_BF, SEL_KNN, 127, 31, 88, 7.86744, 0.390901, 8.25834
ORB, BRISK, MAT_BF, SEL_KNN, 128, 31, 91, 8.70858, 0.44708, 9.15566
ORB, BRISK, MAT_FLANN, SEL_NN, 102, 31, 83, 7.83539, 1.21142, 9.04681
ORB, BRISK, MAT_FLANN, SEL_NN, 106, 31, 93, 7.56836, 1.36518, 8.93354
ORB, BRISK, MAT_FLANN, SEL_NN, 113, 31, 95, 7.7474, 1.343, 9.0904
ORB, BRISK, MAT_FLANN, SEL_NN, 109, 31, 103, 8.15262, 1.37255, 9.52517
ORB, BRISK, MAT_FLANN, SEL_NN, 125, 31, 101, 7.92541, 1.40826, 9.33367
ORB, BRISK, MAT_FLANN, SEL_NN, 130, 31, 116, 7.5517, 1.58172, 9.13342
ORB, BRISK, MAT_FLANN, SEL_NN, 129, 31, 120, 7.84951, 1.7001, 9.54962
ORB, BRISK, MAT_FLANN, SEL_NN, 127, 31, 120, 8.07281, 1.57256, 9.64537
ORB, BRISK, MAT_FLANN, SEL_NN, 128, 31, 119, 7.87868, 1.69847, 9.57715
ORB, BRISK, MAT_FLANN, SEL_KNN, 102, 31, 60, 8.45033, 1.28354, 9.73387
ORB, BRISK, MAT_FLANN, SEL_KNN, 106, 31, 65, 7.70318, 1.38561, 9.08879
ORB, BRISK, MAT_FLANN, SEL_KNN, 113, 31, 65, 7.78352, 1.53165, 9.31517
ORB, BRISK, MAT_FLANN, SEL_KNN, 109, 31, 76, 7.5259, 1.791, 9.3169
ORB, BRISK, MAT_FLANN, SEL_KNN, 125, 31, 73, 7.65414, 1.53972, 9.19387
ORB, BRISK, MAT_FLANN, SEL_KNN, 130, 31, 82, 7.49019, 1.62176, 9.11194
ORB, BRISK, MAT_FLANN, SEL_KNN, 129, 31, 83, 7.84828, 1.83345, 9.68173
ORB, BRISK, MAT_FLANN, SEL_KNN, 127, 31, 73, 7.65024, 1.97307, 9.62331
ORB, BRISK, MAT_FLANN, SEL_KNN, 128, 31, 72, 8.23297, 1.79634, 10.0293
ORB, BRIEF, MAT_BF, SEL_NN, 102, 31, 92, 10.6427, 0.242555, 10.8853
ORB, BRIEF, MAT_BF, SEL_NN, 106, 31, 102, 8.22286, 0.250644, 8.47351
ORB, BRIEF, MAT_BF, SEL_NN, 113, 31, 106, 7.38494, 0.247578, 7.63252
ORB, BRIEF, MAT_BF, SEL_NN, 109, 31, 113, 8.97028, 0.316349, 9.28663
ORB, BRIEF, MAT_BF, SEL_NN, 125, 31, 109, 7.81556, 0.316907, 8.13247
ORB, BRIEF, MAT_BF, SEL_NN, 130, 31, 125, 7.91804, 0.290787, 8.20883
ORB, BRIEF, MAT_BF, SEL_NN, 129, 31, 130, 7.33227, 0.295723, 7.62799
ORB, BRIEF, MAT_BF, SEL_NN, 127, 31, 129, 7.73049, 0.340803, 8.07129
ORB, BRIEF, MAT_BF, SEL_NN, 128, 31, 127, 7.41892, 0.274041, 7.69296
ORB, BRIEF, MAT_BF, SEL_KNN, 102, 31, 49, 7.40338, 0.296996, 7.70037
ORB, BRIEF, MAT_BF, SEL_KNN, 106, 31, 43, 7.5496, 0.318997, 7.8686
ORB, BRIEF, MAT_BF, SEL_KNN, 113, 31, 45, 7.32904, 0.317328, 7.64636
ORB, BRIEF, MAT_BF, SEL_KNN, 109, 31, 59, 7.62397, 0.350989, 7.97496
ORB, BRIEF, MAT_BF, SEL_KNN, 125, 31, 53, 9.19078, 0.399774, 9.59055
ORB, BRIEF, MAT_BF, SEL_KNN, 130, 31, 78, 7.58973, 0.44444, 8.03417
ORB, BRIEF, MAT_BF, SEL_KNN, 129, 31, 68, 9.29798, 0.364444, 9.66243
ORB, BRIEF, MAT_BF, SEL_KNN, 127, 31, 84, 7.95329, 0.333843, 8.28713
ORB, BRIEF, MAT_BF, SEL_KNN, 128, 31, 66, 8.78044, 0.499773, 9.28021
ORB, BRIEF, MAT_FLANN, SEL_NN, 102, 31, 92, 7.70227, 1.23969, 8.94196
ORB, BRIEF, MAT_FLANN, SEL_NN, 106, 31, 102, 8.12411, 1.24223, 9.36634
ORB, BRIEF, MAT_FLANN, SEL_NN, 113, 31, 106, 7.61568, 1.17323, 8.78892
ORB, BRIEF, MAT_FLANN, SEL_NN, 109, 31, 113, 7.82376, 1.44365, 9.26741
ORB, BRIEF, MAT_FLANN, SEL_NN, 125, 31, 109, 7.42084, 1.366, 8.78684
ORB, BRIEF, MAT_FLANN, SEL_NN, 130, 31, 125, 7.72973, 1.30548, 9.03521
ORB, BRIEF, MAT_FLANN, SEL_NN, 129, 31, 130, 8.00876, 1.39314, 9.40191
ORB, BRIEF, MAT_FLANN, SEL_NN, 127, 31, 129, 8.03699, 1.40464, 9.44164
ORB, BRIEF, MAT_FLANN, SEL_NN, 128, 31, 127, 7.91349, 1.52144, 9.43493
ORB, BRIEF, MAT_FLANN, SEL_KNN, 102, 31, 38, 7.94321, 1.31822, 9.26143
ORB, BRIEF, MAT_FLANN, SEL_KNN, 106, 31, 39, 7.49724, 1.40949, 8.90673
ORB, BRIEF, MAT_FLANN, SEL_KNN, 113, 31, 37, 7.95695, 1.33204, 9.28898
ORB, BRIEF, MAT_FLANN, SEL_KNN, 109, 31, 54, 7.76984, 1.6816, 9.45143
ORB, BRIEF, MAT_FLANN, SEL_KNN, 125, 31, 42, 7.45536, 1.50568, 8.96104
ORB, BRIEF, MAT_FLANN, SEL_KNN, 130, 31, 64, 7.85552, 1.63804, 9.49356
ORB, BRIEF, MAT_FLANN, SEL_KNN, 129, 31, 58, 7.55065, 1.62643, 9.17708
ORB, BRIEF, MAT_FLANN, SEL_KNN, 127, 31, 62, 7.81499, 1.66803, 9.48303
ORB, BRIEF, MAT_FLANN, SEL_KNN, 128, 31, 59, 7.60816, 1.69243, 9.30059
ORB, ORB, MAT_BF, SEL_NN, 102, 31, 92, 7.77001, 0.239806, 8.00981
ORB, ORB, MAT_BF, SEL_NN, 106, 31, 102, 8.17319, 0.284683, 8.45787
ORB, ORB, MAT_BF, SEL_NN, 113, 31, 106, 7.65001, 0.279001, 7.92901
ORB, ORB, MAT_BF, SEL_NN, 109, 31, 113, 7.59731, 0.270556, 7.86787
ORB, ORB, MAT_BF, SEL_NN, 125, 31, 109, 7.43951, 0.265929, 7.70544
ORB, ORB, MAT_BF, SEL_NN, 130, 31, 125, 7.44876, 0.306502, 7.75526
ORB, ORB, MAT_BF, SEL_NN, 129, 31, 130, 7.86407, 0.295118, 8.15919
ORB, ORB, MAT_BF, SEL_NN, 127, 31, 129, 8.43037, 0.408239, 8.83861
ORB, ORB, MAT_BF, SEL_NN, 128, 31, 127, 7.78612, 0.291119, 8.07724
ORB, ORB, MAT_BF, SEL_KNN, 102, 31, 67, 8.6616, 0.321721, 8.98332
ORB, ORB, MAT_BF, SEL_KNN, 106, 31, 70, 8.2577, 0.347652, 8.60535
ORB, ORB, MAT_BF, SEL_KNN, 113, 31, 72, 7.65671, 0.32954, 7.98625
ORB, ORB, MAT_BF, SEL_KNN, 109, 31, 84, 7.88867, 0.373848, 8.26252
ORB, ORB, MAT_BF, SEL_KNN, 125, 31, 91, 7.54552, 0.415278, 7.9608
ORB, ORB, MAT_BF, SEL_KNN, 130, 31, 101, 7.63881, 0.392182, 8.03099
ORB, ORB, MAT_BF, SEL_KNN, 129, 31, 92, 7.92133, 0.442875, 8.3642
ORB, ORB, MAT_BF, SEL_KNN, 127, 31, 93, 8.23097, 0.443212, 8.67418
ORB, ORB, MAT_BF, SEL_KNN, 128, 31, 93, 7.765, 0.438117, 8.20312
ORB, ORB, MAT_FLANN, SEL_NN, 102, 31, 92, 7.44931, 1.21396, 8.66327
ORB, ORB, MAT_FLANN, SEL_NN, 106, 31, 102, 7.15393, 1.26612, 8.42005
ORB, ORB, MAT_FLANN, SEL_NN, 113, 31, 106, 8.0233, 1.309, 9.3323
ORB, ORB, MAT_FLANN, SEL_NN, 109, 31, 113, 7.6872, 1.27624, 8.96343
ORB, ORB, MAT_FLANN, SEL_NN, 125, 31, 109, 7.33715, 1.39797, 8.73512
ORB, ORB, MAT_FLANN, SEL_NN, 130, 31, 125, 7.82989, 1.64619, 9.47607
ORB, ORB, MAT_FLANN, SEL_NN, 129, 31, 130, 8.01646, 1.5544, 9.57086
ORB, ORB, MAT_FLANN, SEL_NN, 127, 31, 129, 7.7309, 1.86094, 9.59184
ORB, ORB, MAT_FLANN, SEL_NN, 128, 31, 127, 8.04955, 1.46773, 9.51728
ORB, ORB, MAT_FLANN, SEL_KNN, 102, 31, 42, 9.86504, 1.42066, 11.2857
ORB, ORB, MAT_FLANN, SEL_KNN, 106, 31, 56, 8.81341, 1.33692, 10.1503
ORB, ORB, MAT_FLANN, SEL_KNN, 113, 31, 49, 7.64239, 1.77637, 9.41876
ORB, ORB, MAT_FLANN, SEL_KNN, 109, 31, 56, 7.9934, 1.41242, 9.40583
ORB, ORB, MAT_FLANN, SEL_KNN, 125, 31, 57, 7.6305, 1.49143, 9.12192
ORB, ORB, MAT_FLANN, SEL_KNN, 130, 31, 70, 9.76563, 2.37778, 12.1434
ORB, ORB, MAT_FLANN, SEL_KNN, 129, 31, 71, 8.15648, 1.93815, 10.0946
ORB, ORB, MAT_FLANN, SEL_KNN, 127, 31, 66, 7.46525, 1.83508, 9.30033
ORB, ORB, MAT_FLANN, SEL_KNN, 128, 31, 72, 9.66603, 1.78997, 11.456
ORB, FREAK, MAT_BF, SEL_NN, 102, 31, 46, 7.96777, 0.18072, 8.14849
ORB, FREAK, MAT_BF, SEL_NN, 106, 31, 53, 7.4457, 0.14098, 7.58668
ORB, FREAK, MAT_BF, SEL_NN, 113, 31, 56, 7.94975, 0.148447, 8.0982
ORB, FREAK, MAT_BF, SEL_NN, 109, 31, 65, 7.50723, 0.184999, 7.69223
ORB, FREAK, MAT_BF, SEL_NN, 125, 31, 55, 7.73828, 0.148534, 7.88681
ORB, FREAK, MAT_BF, SEL_NN, 130, 31, 64, 7.13245, 0.186993, 7.31944
ORB, FREAK, MAT_BF, SEL_NN, 129, 31, 66, 7.38924, 0.185899, 7.57514
ORB, FREAK, MAT_BF, SEL_NN, 127, 31, 71, 8.3179, 0.183328, 8.50123
ORB, FREAK, MAT_BF, SEL_NN, 128, 31, 73, 7.91074, 0.177446, 8.08818
ORB, FREAK, MAT_BF, SEL_KNN, 102, 31, 42, 7.80928, 0.23876, 8.04804
ORB, FREAK, MAT_BF, SEL_KNN, 106, 31, 36, 7.69752, 0.235466, 7.93299
ORB, FREAK, MAT_BF, SEL_KNN, 113, 31, 44, 7.79312, 0.255569, 8.04869
ORB, FREAK, MAT_BF, SEL_KNN, 109, 31, 47, 8.02255, 0.243594, 8.26614
ORB, FREAK, MAT_BF, SEL_KNN, 125, 31, 44, 7.41993, 0.212614, 7.63254
ORB, FREAK, MAT_BF, SEL_KNN, 130, 31, 51, 8.27176, 0.226298, 8.49806
ORB, FREAK, MAT_BF, SEL_KNN, 129, 31, 52, 7.97887, 0.269394, 8.24826
ORB, FREAK, MAT_BF, SEL_KNN, 127, 31, 48, 7.7559, 0.254299, 8.0102
ORB, FREAK, MAT_BF, SEL_KNN, 128, 31, 56, 8.30106, 0.273714, 8.57478
ORB, FREAK, MAT_FLANN, SEL_NN, 102, 31, 46, 8.13962, 0.695743, 8.83536
ORB, FREAK, MAT_FLANN, SEL_NN, 106, 31, 53, 7.87982, 0.828152, 8.70797
ORB, FREAK, MAT_FLANN, SEL_NN, 113, 31, 56, 7.18148, 0.815321, 7.9968
ORB, FREAK, MAT_FLANN, SEL_NN, 109, 31, 65, 7.62669, 0.905556, 8.53224
ORB, FREAK, MAT_FLANN, SEL_NN, 125, 31, 55, 7.64497, 0.782636, 8.4276
ORB, FREAK, MAT_FLANN, SEL_NN, 130, 31, 64, 8.37682, 1.12394, 9.50076
ORB, FREAK, MAT_FLANN, SEL_NN, 129, 31, 66, 10.3251, 0.932237, 11.2574
ORB, FREAK, MAT_FLANN, SEL_NN, 127, 31, 71, 7.80967, 1.05275, 8.86241
ORB, FREAK, MAT_FLANN, SEL_NN, 128, 31, 73, 7.82989, 1.14753, 8.97742
ORB, FREAK, MAT_FLANN, SEL_KNN, 102, 31, 39, 10.1992, 0.715851, 10.9151
ORB, FREAK, MAT_FLANN, SEL_KNN, 106, 31, 34, 10.3045, 0.855039, 11.1595
ORB, FREAK, MAT_FLANN, SEL_KNN, 113, 31, 37, 10.6943, 0.870276, 11.5646
ORB, FREAK, MAT_FLANN, SEL_KNN, 109, 31, 40, 10.5878, 0.970903, 11.5587
ORB, FREAK, MAT_FLANN, SEL_KNN, 125, 31, 33, 10.0522, 1.05343, 11.1057
ORB, FREAK, MAT_FLANN, SEL_KNN, 130, 31, 40, 8.08552, 1.12243, 9.20794
ORB, FREAK, MAT_FLANN, SEL_KNN, 129, 31, 41, 11.0737, 1.15018, 12.2239
ORB, FREAK, MAT_FLANN, SEL_KNN, 127, 31, 39, 11.7312, 1.0567, 12.7879
ORB, FREAK, MAT_FLANN, SEL_KNN, 128, 31, 44, 9.83267, 1.0961, 10.9288
ORB, SIFT, MAT_BF, SEL_NN, 102, 31, 92, 7.6948, 0.327162, 8.02196
ORB, SIFT, MAT_BF, SEL_NN, 106, 31, 102, 8.33957, 0.338887, 8.67846
ORB, SIFT, MAT_BF, SEL_NN, 113, 31, 106, 9.90098, 0.335674, 10.2367
ORB, SIFT, MAT_BF, SEL_NN, 109, 31, 113, 10.2202, 0.339895, 10.5601
ORB, SIFT, MAT_BF, SEL_NN, 125, 31, 109, 7.97592, 0.422819, 8.39874
ORB, SIFT, MAT_BF, SEL_NN, 130, 31, 125, 7.53977, 0.406105, 7.94588
ORB, SIFT, MAT_BF, SEL_NN, 129, 31, 130, 7.7879, 0.444874, 8.23277
ORB, SIFT, MAT_BF, SEL_NN, 127, 31, 129, 7.44725, 0.501995, 7.94924
ORB, SIFT, MAT_BF, SEL_NN, 128, 31, 127, 7.85305, 0.403949, 8.257
ORB, SIFT, MAT_BF, SEL_KNN, 102, 31, 67, 7.5602, 0.374595, 7.9348
ORB, SIFT, MAT_BF, SEL_KNN, 106, 31, 79, 7.58383, 0.401521, 7.98535
ORB, SIFT, MAT_BF, SEL_KNN, 113, 31, 78, 7.56404, 0.418952, 7.98299
ORB, SIFT, MAT_BF, SEL_KNN, 109, 31, 79, 7.64726, 0.416254, 8.06352
ORB, SIFT, MAT_BF, SEL_KNN, 125, 31, 82, 8.1449, 0.785042, 8.92994
ORB, SIFT, MAT_BF, SEL_KNN, 130, 31, 95, 10.2989, 0.57963, 10.8785
ORB, SIFT, MAT_BF, SEL_KNN, 129, 31, 95, 10.7498, 0.607439, 11.3573
ORB, SIFT, MAT_BF, SEL_KNN, 127, 31, 94, 8.49457, 0.560571, 9.05514
ORB, SIFT, MAT_BF, SEL_KNN, 128, 31, 94, 8.58163, 0.485602, 9.06724
ORB, SIFT, MAT_FLANN, SEL_NN, 102, 31, 92, 8.09879, 1.96111, 10.0599
ORB, SIFT, MAT_FLANN, SEL_NN, 106, 31, 102, 8.45636, 1.55472, 10.0111
ORB, SIFT, MAT_FLANN, SEL_NN, 113, 31, 106, 7.51093, 1.76648, 9.27742
ORB, SIFT, MAT_FLANN, SEL_NN, 109, 31, 113, 11.0333, 1.72527, 12.7586
ORB, SIFT, MAT_FLANN, SEL_NN, 125, 31, 109, 11.5266, 2.57566, 14.1023
ORB, SIFT, MAT_FLANN, SEL_NN, 130, 31, 125, 10.6833, 1.93344, 12.6167
ORB, SIFT, MAT_FLANN, SEL_NN, 129, 31, 130, 11.1198, 2.15334, 13.2731
ORB, SIFT, MAT_FLANN, SEL_NN, 127, 31, 129, 10.0097, 2.05442, 12.0641
ORB, SIFT, MAT_FLANN, SEL_NN, 128, 31, 127, 8.75387, 1.98999, 10.7439
ORB, SIFT, MAT_FLANN, SEL_KNN, 102, 31, 67, 7.66111, 2.09807, 9.75918
ORB, SIFT, MAT_FLANN, SEL_KNN, 106, 31, 79, 7.9114, 1.76213, 9.67353
ORB, SIFT, MAT_FLANN, SEL_KNN, 113, 31, 78, 10.2994, 1.96604, 12.2655
ORB, SIFT, MAT_FLANN, SEL_KNN, 109, 31, 79, 11.0238, 2.14475, 13.1685
ORB, SIFT, MAT_FLANN, SEL_KNN, 125, 31, 82, 10.9949, 2.08834, 13.0832
ORB, SIFT, MAT_FLANN, SEL_KNN, 130, 31, 95, 11.1343, 2.30554, 13.4398
ORB, SIFT, MAT_FLANN, SEL_KNN, 129, 31, 95, 7.95335, 2.37153, 10.3249
ORB, SIFT, MAT_FLANN, SEL_KNN, 127, 31, 96, 11.0986, 2.44638, 13.545
ORB, SIFT, MAT_FLANN, SEL_KNN, 128, 31, 94, 8.20581, 2.36991, 10.5757
AKAZE, BRISK, MAT_BF, SEL_NN, 157, 4.8, 166, 72.0602, 0.434494, 72.4947
AKAZE, BRISK, MAT_BF, SEL_NN, 161, 4.8, 157, 75.6872, 0.424863, 76.112
AKAZE, BRISK, MAT_BF, SEL_NN, 155, 4.8, 161, 73.2945, 0.483107, 73.7776
AKAZE, BRISK, MAT_BF, SEL_NN, 163, 4.8, 155, 77.4907, 0.415581, 77.9063
AKAZE, BRISK, MAT_BF, SEL_NN, 164, 4.8, 163, 80.6016, 0.468528, 81.0701
AKAZE, BRISK, MAT_BF, SEL_NN, 173, 4.8, 164, 77.16, 0.553636, 77.7137
AKAZE, BRISK, MAT_BF, SEL_NN, 175, 4.8, 173, 77.7052, 0.507348, 78.2125
AKAZE, BRISK, MAT_BF, SEL_NN, 177, 4.8, 175, 78.1272, 0.587315, 78.7145
AKAZE, BRISK, MAT_BF, SEL_NN, 179, 4.8, 177, 86.1588, 0.497293, 86.6561
AKAZE, BRISK, MAT_BF, SEL_KNN, 157, 4.8, 137, 70.0248, 0.54324, 70.5681
AKAZE, BRISK, MAT_BF, SEL_KNN, 161, 4.8, 125, 75.2494, 0.516727, 75.7662
AKAZE, BRISK, MAT_BF, SEL_KNN, 155, 4.8, 129, 81.0042, 0.559174, 81.5633
AKAZE, BRISK, MAT_BF, SEL_KNN, 163, 4.8, 129, 81.8218, 0.51667, 82.3385
AKAZE, BRISK, MAT_BF, SEL_KNN, 164, 4.8, 131, 68.0853, 0.625698, 68.711
AKAZE, BRISK, MAT_BF, SEL_KNN, 173, 4.8, 132, 73.3745, 0.578671, 73.9532
AKAZE, BRISK, MAT_BF, SEL_KNN, 175, 4.8, 142, 76.9529, 0.647901, 77.6008
AKAZE, BRISK, MAT_BF, SEL_KNN, 177, 4.8, 146, 77.6232, 0.609351, 78.2325
AKAZE, BRISK, MAT_BF, SEL_KNN, 179, 4.8, 144, 87.1513, 0.691422, 87.8427
AKAZE, BRISK, MAT_FLANN, SEL_NN, 157, 4.8, 166, 72.9687, 2.22539, 75.1941
AKAZE, BRISK, MAT_FLANN, SEL_NN, 161, 4.8, 157, 78.6479, 2.29885, 80.9468
AKAZE, BRISK, MAT_FLANN, SEL_NN, 155, 4.8, 161, 85.861, 2.31864, 88.1796
AKAZE, BRISK, MAT_FLANN, SEL_NN, 163, 4.8, 155, 82.1774, 2.42389, 84.6013
AKAZE, BRISK, MAT_FLANN, SEL_NN, 164, 4.8, 163, 87.7017, 2.39442, 90.0961
AKAZE, BRISK, MAT_FLANN, SEL_NN, 173, 4.8, 164, 75.5581, 2.37637, 77.9345
AKAZE, BRISK, MAT_FLANN, SEL_NN, 175, 4.8, 173, 80.1152, 2.43737, 82.5526
AKAZE, BRISK, MAT_FLANN, SEL_NN, 177, 4.8, 175, 80.391, 2.32279, 82.7138
AKAZE, BRISK, MAT_FLANN, SEL_NN, 179, 4.8, 177, 69.6888, 2.3129, 72.0017
AKAZE, BRISK, MAT_FLANN, SEL_KNN, 157, 4.8, 126, 87.127, 2.4246, 89.5516
AKAZE, BRISK, MAT_FLANN, SEL_KNN, 161, 4.8, 114, 80.246, 2.78284, 83.0288
AKAZE, BRISK, MAT_FLANN, SEL_KNN, 155, 4.8, 123, 72.9309, 2.52624, 75.4572
AKAZE, BRISK, MAT_FLANN, SEL_KNN, 163, 4.8, 117, 82.6315, 2.42123, 85.0528
AKAZE, BRISK, MAT_FLANN, SEL_KNN, 164, 4.8, 115, 79.4978, 2.62353, 82.1214
AKAZE, BRISK, MAT_FLANN, SEL_KNN, 173, 4.8, 119, 74.5057, 2.56655, 77.0722
AKAZE, BRISK, MAT_FLANN, SEL_KNN, 175, 4.8, 134, 86.2102, 2.41069, 88.6209
AKAZE, BRISK, MAT_FLANN, SEL_KNN, 177, 4.8, 140, 79.1732, 2.68483, 81.858
AKAZE, BRISK, MAT_FLANN, SEL_KNN, 179, 4.8, 127, 82.641, 3.10474, 85.7457
AKAZE, BRIEF, MAT_BF, SEL_NN, 157, 4.8, 166, 78.6423, 0.49561, 79.1379
AKAZE, BRIEF, MAT_BF, SEL_NN, 161, 4.8, 157, 77.0943, 0.389407, 77.4837
AKAZE, BRIEF, MAT_BF, SEL_NN, 155, 4.8, 161, 80.4708, 0.442237, 80.913
AKAZE, BRIEF, MAT_BF, SEL_NN, 163, 4.8, 155, 74.3877, 0.461292, 74.849
AKAZE, BRIEF, MAT_BF, SEL_NN, 164, 4.8, 163, 86.4071, 0.44201, 86.8491
AKAZE, BRIEF, MAT_BF, SEL_NN, 173, 4.8, 164, 76.993, 0.449298, 77.4423
AKAZE, BRIEF, MAT_BF, SEL_NN, 175, 4.8, 173, 84.0214, 0.508119, 84.5295
AKAZE, BRIEF, MAT_BF, SEL_NN, 177, 4.8, 175, 73.3017, 0.452996, 73.7547
AKAZE, BRIEF, MAT_BF, SEL_NN, 179, 4.8, 177, 75.5141, 0.479787, 75.9939
AKAZE, BRIEF, MAT_BF, SEL_KNN, 157, 4.8, 141, 73.6767, 0.533337, 74.2101
AKAZE, BRIEF, MAT_BF, SEL_KNN, 161, 4.8, 134, 85.3247, 0.611453, 85.9362
AKAZE, BRIEF, MAT_BF, SEL_KNN, 155, 4.8, 131, 77.3903, 0.956049, 78.3464
AKAZE, BRIEF, MAT_BF, SEL_KNN, 163, 4.8, 130, 81.5333, 0.609288, 82.1426
AKAZE, BRIEF, MAT_BF, SEL_KNN, 164, 4.8, 134, 77.0748, 0.529614, 77.6044
AKAZE, BRIEF, MAT_BF, SEL_KNN, 173, 4.8, 146, 89.5451, 0.564997, 90.1101
AKAZE, BRIEF, MAT_BF, SEL_KNN, 175, 4.8, 150, 77.7395, 0.785532, 78.5251
AKAZE, BRIEF, MAT_BF, SEL_KNN, 177, 4.8, 148, 73.9771, 0.698848, 74.676
AKAZE, BRIEF, MAT_BF, SEL_KNN, 179, 4.8, 152, 74.7166, 0.711223, 75.4278
AKAZE, BRIEF, MAT_FLANN, SEL_NN, 157, 4.8, 166, 80.4302, 1.82007, 82.2503
AKAZE, BRIEF, MAT_FLANN, SEL_NN, 161, 4.8, 157, 79.3718, 1.73628, 81.1081
AKAZE, BRIEF, MAT_FLANN, SEL_NN, 155, 4.8, 161, 78.8911, 1.94035, 80.8314
AKAZE, BRIEF, MAT_FLANN, SEL_NN, 163, 4.8, 155, 82.2859, 1.8596, 84.1455
AKAZE, BRIEF, MAT_FLANN, SEL_NN, 164, 4.8, 163, 80.0252, 1.73264, 81.7579
AKAZE, BRIEF, MAT_FLANN, SEL_NN, 173, 4.8, 164, 79.145, 1.82096, 80.966
AKAZE, BRIEF, MAT_FLANN, SEL_NN, 175, 4.8, 173, 83.9847, 1.95799, 85.9427
AKAZE, BRIEF, MAT_FLANN, SEL_NN, 177, 4.8, 175, 73.257, 2.20381, 75.4608
AKAZE, BRIEF, MAT_FLANN, SEL_NN, 179, 4.8, 177, 76.4787, 2.6844, 79.1631
AKAZE, BRIEF, MAT_FLANN, SEL_KNN, 157, 4.8, 110, 78.2227, 2.22566, 80.4483
AKAZE, BRIEF, MAT_FLANN, SEL_KNN, 161, 4.8, 116, 75.3129, 2.22997, 77.5429
AKAZE, BRIEF, MAT_FLANN, SEL_KNN, 155, 4.8, 110, 73.5171, 2.2847, 75.8017
AKAZE, BRIEF, MAT_FLANN, SEL_KNN, 163, 4.8, 109, 80.6279, 1.9398, 82.5677
AKAZE, BRIEF, MAT_FLANN, SEL_KNN, 164, 4.8, 117, 77.2472, 2.29038, 79.5376
AKAZE, BRIEF, MAT_FLANN, SEL_KNN, 173, 4.8, 129, 85.4297, 2.2954, 87.7251
AKAZE, BRIEF, MAT_FLANN, SEL_KNN, 175, 4.8, 132, 80.5279, 2.24894, 82.7769
AKAZE, BRIEF, MAT_FLANN, SEL_KNN, 177, 4.8, 135, 76.6618, 3.0679, 79.7297
AKAZE, BRIEF, MAT_FLANN, SEL_KNN, 179, 4.8, 134, 84.8185, 2.14223, 86.9607
AKAZE, ORB, MAT_BF, SEL_NN, 157, 4.8, 166, 76.3481, 0.560648, 76.9087
AKAZE, ORB, MAT_BF, SEL_NN, 161, 4.8, 157, 76.2826, 0.406527, 76.6891
AKAZE, ORB, MAT_BF, SEL_NN, 155, 4.8, 161, 71.1991, 0.425638, 71.6248
AKAZE, ORB, MAT_BF, SEL_NN, 163, 4.8, 155, 68.7325, 0.450491, 69.183
AKAZE, ORB, MAT_BF, SEL_NN, 164, 4.8, 163, 82.6395, 0.386488, 83.0259
AKAZE, ORB, MAT_BF, SEL_NN, 173, 4.8, 164, 68.1121, 0.453781, 68.5659
AKAZE, ORB, MAT_BF, SEL_NN, 175, 4.8, 173, 77.1203, 0.562142, 77.6825
AKAZE, ORB, MAT_BF, SEL_NN, 177, 4.8, 175, 75.9536, 0.455087, 76.4087
AKAZE, ORB, MAT_BF, SEL_NN, 179, 4.8, 177, 83.2113, 0.483598, 83.6949
AKAZE, ORB, MAT_BF, SEL_KNN, 157, 4.8, 131, 77.0584, 0.47498, 77.5334
AKAZE, ORB, MAT_BF, SEL_KNN, 161, 4.8, 129, 86.7891, 0.591819, 87.3809
AKAZE, ORB, MAT_BF, SEL_KNN, 155, 4.8, 127, 77.7611, 0.496743, 78.2579
AKAZE, ORB, MAT_BF, SEL_KNN, 163, 4.8, 117, 74.7701, 0.479551, 75.2497
AKAZE, ORB, MAT_BF, SEL_KNN, 164, 4.8, 130, 74.5876, 0.506802, 75.0944
AKAZE, ORB, MAT_BF, SEL_KNN, 173, 4.8, 131, 84.0341, 0.496768, 84.5309
AKAZE, ORB, MAT_BF, SEL_KNN, 175, 4.8, 137, 78.0655, 0.639285, 78.7048
AKAZE, ORB, MAT_BF, SEL_KNN, 177, 4.8, 135, 77.4038, 0.587338, 77.9911
AKAZE, ORB, MAT_BF, SEL_KNN, 179, 4.8, 145, 69.593, 0.535098, 70.1281
AKAZE, ORB, MAT_FLANN, SEL_NN, 157, 4.8, 166, 76.3589, 1.75469, 78.1136
AKAZE, ORB, MAT_FLANN, SEL_NN, 161, 4.8, 157, 78.7713, 1.85695, 80.6283
AKAZE, ORB, MAT_FLANN, SEL_NN, 155, 4.8, 161, 79.2694, 1.94224, 81.2117
AKAZE, ORB, MAT_FLANN, SEL_NN, 163, 4.8, 155, 81.1652, 2.06003, 83.2252
AKAZE, ORB, MAT_FLANN, SEL_NN, 164, 4.8, 163, 75.3527, 1.93329, 77.286
AKAZE, ORB, MAT_FLANN, SEL_NN, 173, 4.8, 164, 68.5336, 2.4584, 70.992
AKAZE, ORB, MAT_FLANN, SEL_NN, 175, 4.8, 173, 71.7065, 2.17498, 73.8814
AKAZE, ORB, MAT_FLANN, SEL_NN, 177, 4.8, 175, 74.9861, 2.22647, 77.2126
AKAZE, ORB, MAT_FLANN, SEL_NN, 179, 4.8, 177, 77.6979, 2.21277, 79.9107
AKAZE, ORB, MAT_FLANN, SEL_KNN, 157, 4.8, 102, 77.7593, 2.1008, 79.8601
AKAZE, ORB, MAT_FLANN, SEL_KNN, 161, 4.8, 95, 71.8739, 2.28791, 74.1618
AKAZE, ORB, MAT_FLANN, SEL_KNN, 155, 4.8, 95, 74.9185, 1.93261, 76.8511
AKAZE, ORB, MAT_FLANN, SEL_KNN, 163, 4.8, 86, 79.1113, 2.22529, 81.3366
AKAZE, ORB, MAT_FLANN, SEL_KNN, 164, 4.8, 93, 76.3356, 1.91259, 78.2482
AKAZE, ORB, MAT_FLANN, SEL_KNN, 173, 4.8, 117, 81.8386, 2.28603, 84.1246
AKAZE, ORB, MAT_FLANN, SEL_KNN, 175, 4.8, 101, 72.2759, 2.16062, 74.4365
AKAZE, ORB, MAT_FLANN, SEL_KNN, 177, 4.8, 115, 82.3337, 2.3323, 84.666
AKAZE, ORB, MAT_FLANN, SEL_KNN, 179, 4.8, 120, 76.2884, 2.54542, 78.8338
AKAZE, FREAK, MAT_BF, SEL_NN, 157, 4.8, 166, 70.3957, 0.456855, 70.8526
AKAZE, FREAK, MAT_BF, SEL_NN, 161, 4.8, 157, 70.2925, 0.43955, 70.7321
AKAZE, FREAK, MAT_BF, SEL_NN, 155, 4.8, 161, 72.1956, 0.422956, 72.6185
AKAZE, FREAK, MAT_BF, SEL_NN, 163, 4.8, 155, 71.7849, 0.4588, 72.2437
AKAZE, FREAK, MAT_BF, SEL_NN, 164, 4.8, 163, 75.8604, 0.493837, 76.3542
AKAZE, FREAK, MAT_BF, SEL_NN, 173, 4.8, 164, 70.5851, 0.457957, 71.043
AKAZE, FREAK, MAT_BF, SEL_NN, 175, 4.8, 173, 73.8825, 0.475477, 74.358
AKAZE, FREAK, MAT_BF, SEL_NN, 177, 4.8, 175, 71.0929, 0.485269, 71.5782
AKAZE, FREAK, MAT_BF, SEL_NN, 179, 4.8, 177, 81.5507, 0.521537, 82.0722
AKAZE, FREAK, MAT_BF, SEL_KNN, 157, 4.8, 126, 77.6312, 0.615722, 78.2469
AKAZE, FREAK, MAT_BF, SEL_KNN, 161, 4.8, 129, 77.671, 0.526075, 78.1971
AKAZE, FREAK, MAT_BF, SEL_KNN, 155, 4.8, 127, 76.6693, 0.614409, 77.2837
AKAZE, FREAK, MAT_BF, SEL_KNN, 163, 4.8, 121, 76.0594, 0.588348, 76.6477
AKAZE, FREAK, MAT_BF, SEL_KNN, 164, 4.8, 122, 74.0721, 0.603731, 74.6758
AKAZE, FREAK, MAT_BF, SEL_KNN, 173, 4.8, 133, 80.4225, 0.6101, 81.0326
AKAZE, FREAK, MAT_BF, SEL_KNN, 175, 4.8, 144, 73.73, 0.59231, 74.3223
AKAZE, FREAK, MAT_BF, SEL_KNN, 177, 4.8, 147, 80.2686, 0.6726, 80.9412
AKAZE, FREAK, MAT_BF, SEL_KNN, 179, 4.8, 138, 71.694, 0.618001, 72.312
AKAZE, FREAK, MAT_FLANN, SEL_NN, 157, 4.8, 166, 72.6952, 2.1128, 74.808
AKAZE, FREAK, MAT_FLANN, SEL_NN, 161, 4.8, 157, 78.3111, 2.28136, 80.5924
AKAZE, FREAK, MAT_FLANN, SEL_NN, 155, 4.8, 161, 78.6242, 2.2218, 80.846
AKAZE, FREAK, MAT_FLANN, SEL_NN, 163, 4.8, 155, 85.7894, 2.085, 87.8744
AKAZE, FREAK, MAT_FLANN, SEL_NN, 164, 4.8, 163, 75.75, 2.38063, 78.1306
AKAZE, FREAK, MAT_FLANN, SEL_NN, 173, 4.8, 164, 82.813, 2.52604, 85.3391
AKAZE, FREAK, MAT_FLANN, SEL_NN, 175, 4.8, 173, 77.6423, 2.61196, 80.2543
AKAZE, FREAK, MAT_FLANN, SEL_NN, 177, 4.8, 175, 84.216, 2.3178, 86.5338
AKAZE, FREAK, MAT_FLANN, SEL_NN, 179, 4.8, 177, 70.7468, 2.66422, 73.411
AKAZE, FREAK, MAT_FLANN, SEL_KNN, 157, 4.8, 103, 74.6607, 2.48208, 77.1428
AKAZE, FREAK, MAT_FLANN, SEL_KNN, 161, 4.8, 103, 85.2448, 2.56567, 87.8105
AKAZE, FREAK, MAT_FLANN, SEL_KNN, 155, 4.8, 93, 76.8751, 2.43005, 79.3052
AKAZE, FREAK, MAT_FLANN, SEL_KNN, 163, 4.8, 101, 76.5313, 2.3073, 78.8386
AKAZE, FREAK, MAT_FLANN, SEL_KNN, 164, 4.8, 96, 74.6089, 2.46476, 77.0737
AKAZE, FREAK, MAT_FLANN, SEL_KNN, 173, 4.8, 115, 76.7601, 2.43654, 79.1966
AKAZE, FREAK, MAT_FLANN, SEL_KNN, 175, 4.8, 123, 67.8267, 2.69782, 70.5246
AKAZE, FREAK, MAT_FLANN, SEL_KNN, 177, 4.8, 116, 70.69, 2.52603, 73.216
AKAZE, FREAK, MAT_FLANN, SEL_KNN, 179, 4.8, 118, 74.3628, 2.62748, 76.9903
AKAZE, AKAZE, MAT_BF, SEL_NN, 157, 4.8, 166, 75.2273, 0.658613, 75.8859
AKAZE, AKAZE, MAT_BF, SEL_NN, 161, 4.8, 157, 77.2982, 0.63617, 77.9343
AKAZE, AKAZE, MAT_BF, SEL_NN, 155, 4.8, 161, 71.1171, 0.463397, 71.5805
AKAZE, AKAZE, MAT_BF, SEL_NN, 163, 4.8, 155, 67.3905, 0.466227, 67.8567
AKAZE, AKAZE, MAT_BF, SEL_NN, 164, 4.8, 163, 69.9381, 0.4706, 70.4087
AKAZE, AKAZE, MAT_BF, SEL_NN, 173, 4.8, 164, 69.4219, 0.484684, 69.9066
AKAZE, AKAZE, MAT_BF, SEL_NN, 175, 4.8, 173, 71.5007, 0.546956, 72.0477
AKAZE, AKAZE, MAT_BF, SEL_NN, 177, 4.8, 175, 75.2978, 0.569454, 75.8673
AKAZE, AKAZE, MAT_BF, SEL_NN, 179, 4.8, 177, 79.3782, 0.688164, 80.0664
AKAZE, AKAZE, MAT_BF, SEL_KNN, 157, 4.8, 138, 72.508, 0.697622, 73.2056
AKAZE, AKAZE, MAT_BF, SEL_KNN, 161, 4.8, 138, 74.2768, 0.554421, 74.8312
AKAZE, AKAZE, MAT_BF, SEL_KNN, 155, 4.8, 133, 81.6535, 0.558679, 82.2121
AKAZE, AKAZE, MAT_BF, SEL_KNN, 163, 4.8, 127, 78.628, 0.569813, 79.1978
AKAZE, AKAZE, MAT_BF, SEL_KNN, 164, 4.8, 129, 77.0322, 0.624246, 77.6565
AKAZE, AKAZE, MAT_BF, SEL_KNN, 173, 4.8, 146, 75.0451, 0.603773, 75.6488
AKAZE, AKAZE, MAT_BF, SEL_KNN, 175, 4.8, 147, 78.7983, 0.745567, 79.5438
AKAZE, AKAZE, MAT_BF, SEL_KNN, 177, 4.8, 151, 78.1418, 0.680847, 78.8226
AKAZE, AKAZE, MAT_BF, SEL_KNN, 179, 4.8, 150, 74.6597, 0.659161, 75.3189
AKAZE, AKAZE, MAT_FLANN, SEL_NN, 157, 4.8, 166, 74.1769, 2.24484, 76.4218
AKAZE, AKAZE, MAT_FLANN, SEL_NN, 161, 4.8, 157, 79.5622, 2.32668, 81.8889
AKAZE, AKAZE, MAT_FLANN, SEL_NN, 155, 4.8, 161, 80.2896, 2.17775, 82.4673
AKAZE, AKAZE, MAT_FLANN, SEL_NN, 163, 4.8, 155, 73.5133, 2.332, 75.8453
AKAZE, AKAZE, MAT_FLANN, SEL_NN, 164, 4.8, 163, 80.5215, 2.07899, 82.6005
AKAZE, AKAZE, MAT_FLANN, SEL_NN, 173, 4.8, 164, 74.4389, 2.45389, 76.8927
AKAZE, AKAZE, MAT_FLANN, SEL_NN, 175, 4.8, 173, 80.2686, 2.26429, 82.5329
AKAZE, AKAZE, MAT_FLANN, SEL_NN, 177, 4.8, 175, 85.6798, 2.40249, 88.0823
AKAZE, AKAZE, MAT_FLANN, SEL_NN, 179, 4.8, 177, 67.8482, 2.40934, 70.2576
AKAZE, AKAZE, MAT_FLANN, SEL_KNN, 157, 4.8, 126, 79.7783, 2.58659, 82.3649
AKAZE, AKAZE, MAT_FLANN, SEL_KNN, 161, 4.8, 127, 86.2409, 2.35043, 88.5914
AKAZE, AKAZE, MAT_FLANN, SEL_KNN, 155, 4.8, 125, 78.4036, 2.62617, 81.0298
AKAZE, AKAZE, MAT_FLANN, SEL_KNN, 163, 4.8, 115, 80.9394, 2.53522, 83.4746
AKAZE, AKAZE, MAT_FLANN, SEL_KNN, 164, 4.8, 120, 80.0255, 2.38361, 82.4091
AKAZE, AKAZE, MAT_FLANN, SEL_KNN, 173, 4.8, 133, 76.9391, 2.24533, 79.1845
AKAZE, AKAZE, MAT_FLANN, SEL_KNN, 175, 4.8, 136, 79.5256, 2.74533, 82.2709
AKAZE, AKAZE, MAT_FLANN, SEL_KNN, 177, 4.8, 141, 78.1887, 2.68408, 80.8728
AKAZE, AKAZE, MAT_FLANN, SEL_KNN, 179, 4.8, 143, 72.7223, 2.66115, 75.3835
AKAZE, SIFT, MAT_BF, SEL_NN, 157, 4.8, 166, 71.4151, 0.632279, 72.0473
AKAZE, SIFT, MAT_BF, SEL_NN, 161, 4.8, 157, 72.8544, 0.680433, 73.5348
AKAZE, SIFT, MAT_BF, SEL_NN, 155, 4.8, 161, 72.7814, 0.606602, 73.388
AKAZE, SIFT, MAT_BF, SEL_NN, 163, 4.8, 155, 73.7443, 0.592893, 74.3372
AKAZE, SIFT, MAT_BF, SEL_NN, 164, 4.8, 163, 72.2613, 0.775392, 73.0367
AKAZE, SIFT, MAT_BF, SEL_NN, 173, 4.8, 164, 73.9796, 0.605627, 74.5852
AKAZE, SIFT, MAT_BF, SEL_NN, 175, 4.8, 173, 74.5207, 1.23616, 75.7569
AKAZE, SIFT, MAT_BF, SEL_NN, 177, 4.8, 175, 71.2291, 0.997368, 72.2265
AKAZE, SIFT, MAT_BF, SEL_NN, 179, 4.8, 177, 72.6405, 0.92457, 73.565
AKAZE, SIFT, MAT_BF, SEL_KNN, 157, 4.8, 134, 82.1184, 0.790241, 82.9086
AKAZE, SIFT, MAT_BF, SEL_KNN, 161, 4.8, 134, 77.8951, 0.615365, 78.5105
AKAZE, SIFT, MAT_BF, SEL_KNN, 155, 4.8, 130, 76.2539, 0.629222, 76.8832
AKAZE, SIFT, MAT_BF, SEL_KNN, 163, 4.8, 136, 79.1257, 0.692496, 79.8182
AKAZE, SIFT, MAT_BF, SEL_KNN, 164, 4.8, 137, 81.2179, 0.952687, 82.1706
AKAZE, SIFT, MAT_BF, SEL_KNN, 173, 4.8, 147, 76.765, 0.861826, 77.6268
AKAZE, SIFT, MAT_BF, SEL_KNN, 175, 4.8, 147, 62.6885, 1.31105, 63.9996
AKAZE, SIFT, MAT_BF, SEL_KNN, 177, 4.8, 154, 71.4409, 0.813126, 72.2541
AKAZE, SIFT, MAT_BF, SEL_KNN, 179, 4.8, 151, 88.8406, 0.934063, 89.7746
AKAZE, SIFT, MAT_FLANN, SEL_NN, 157, 4.8, 166, 74.1184, 2.76971, 76.8881
AKAZE, SIFT, MAT_FLANN, SEL_NN, 161, 4.8, 157, 76.9685, 3.74586, 80.7144
AKAZE, SIFT, MAT_FLANN, SEL_NN, 155, 4.8, 161, 83.3998, 3.09565, 86.4955
AKAZE, SIFT, MAT_FLANN, SEL_NN, 163, 4.8, 155, 79.4927, 2.72777, 82.2204
AKAZE, SIFT, MAT_FLANN, SEL_NN, 164, 4.8, 163, 81.0125, 3.08755, 84.1001
AKAZE, SIFT, MAT_FLANN, SEL_NN, 173, 4.8, 164, 69.5757, 2.44463, 72.0203
AKAZE, SIFT, MAT_FLANN, SEL_NN, 175, 4.8, 173, 76.547, 2.95321, 79.5002
AKAZE, SIFT, MAT_FLANN, SEL_NN, 177, 4.8, 175, 79.4242, 2.99958, 82.4238
AKAZE, SIFT, MAT_FLANN, SEL_NN, 179, 4.8, 177, 74.5853, 4.04415, 78.6295
AKAZE, SIFT, MAT_FLANN, SEL_KNN, 157, 4.8, 135, 75.2603, 3.01425, 78.2746
AKAZE, SIFT, MAT_FLANN, SEL_KNN, 161, 4.8, 136, 72.3305, 3.26224, 75.5927
AKAZE, SIFT, MAT_FLANN, SEL_KNN, 155, 4.8, 132, 75.3951, 3.90109, 79.2962
AKAZE, SIFT, MAT_FLANN, SEL_KNN, 163, 4.8, 135, 77.4143, 2.89431, 80.3086
AKAZE, SIFT, MAT_FLANN, SEL_KNN, 164, 4.8, 137, 70.7152, 4.26752, 74.9827
AKAZE, SIFT, MAT_FLANN, SEL_KNN, 173, 4.8, 147, 76.5206, 3.81846, 80.339
AKAZE, SIFT, MAT_FLANN, SEL_KNN, 175, 4.8, 149, 77.7696, 4.69285, 82.4625
AKAZE, SIFT, MAT_FLANN, SEL_KNN, 177, 4.8, 155, 86.2831, 4.60576, 90.8889
AKAZE, SIFT, MAT_FLANN, SEL_KNN, 179, 4.8, 151, 70.6962, 4.91426, 75.6104
SIFT, BRISK, MAT_BF, SEL_NN, 132, 4.96951, 137, 132.589, 0.398628, 132.988
SIFT, BRISK, MAT_BF, SEL_NN, 124, 5.10359, 132, 135.705, 0.407562, 136.113
SIFT, BRISK, MAT_BF, SEL_NN, 137, 2.99994, 124, 134.126, 0.341377, 134.468
SIFT, BRISK, MAT_BF, SEL_NN, 134, 3.31252, 137, 132.459, 0.362925, 132.822
SIFT, BRISK, MAT_BF, SEL_NN, 140, 2.02517, 134, 132.129, 0.324845, 132.453
SIFT, BRISK, MAT_BF, SEL_NN, 137, 3.03291, 140, 123.632, 0.445432, 124.077
SIFT, BRISK, MAT_BF, SEL_NN, 148, 1.86609, 137, 135.85, 0.458987, 136.309
SIFT, BRISK, MAT_BF, SEL_NN, 159, 2.09694, 148, 131.762, 0.517195, 132.279
SIFT, BRISK, MAT_BF, SEL_NN, 137, 2.08917, 159, 128.559, 0.460906, 129.02
SIFT, BRISK, MAT_BF, SEL_KNN, 132, 4.96951, 64, 132.921, 0.361629, 133.282
SIFT, BRISK, MAT_BF, SEL_KNN, 124, 5.10359, 66, 133.961, 0.683107, 134.645
SIFT, BRISK, MAT_BF, SEL_KNN, 137, 2.99994, 62, 128.209, 0.436949, 128.646
SIFT, BRISK, MAT_BF, SEL_KNN, 134, 3.31252, 66, 138.925, 0.427092, 139.352
SIFT, BRISK, MAT_BF, SEL_KNN, 140, 2.02517, 59, 139.173, 0.487862, 139.661
SIFT, BRISK, MAT_BF, SEL_KNN, 137, 3.03291, 64, 139.451, 0.435216, 139.887
SIFT, BRISK, MAT_BF, SEL_KNN, 148, 1.86609, 64, 134.845, 0.8142, 135.66
SIFT, BRISK, MAT_BF, SEL_KNN, 159, 2.09694, 67, 134.919, 0.47641, 135.395
SIFT, BRISK, MAT_BF, SEL_KNN, 137, 2.08917, 80, 130.543, 0.486566, 131.03
SIFT, BRISK, MAT_FLANN, SEL_NN, 132, 4.96951, 137, 131.885, 1.89316, 133.778
SIFT, BRISK, MAT_FLANN, SEL_NN, 124, 5.10359, 132, 134.258, 1.86554, 136.124
SIFT, BRISK, MAT_FLANN, SEL_NN, 137, 2.99994, 124, 127.346, 1.78132, 129.127
SIFT, BRISK, MAT_FLANN, SEL_NN, 134, 3.31252, 137, 132.594, 1.65191, 134.246
SIFT, BRISK, MAT_FLANN, SEL_NN, 140, 2.02517, 134, 130.233, 1.57909, 131.812
SIFT, BRISK, MAT_FLANN, SEL_NN, 137, 3.03291, 140, 140.723, 1.55871, 142.282
SIFT, BRISK, MAT_FLANN, SEL_NN, 148, 1.86609, 137, 132.13, 1.84993, 133.98
SIFT, BRISK, MAT_FLANN, SEL_NN, 159, 2.09694, 148, 137.272, 2.03294, 139.305
SIFT, BRISK, MAT_FLANN, SEL_NN, 137, 2.08917, 159, 134.107, 2.03516, 136.142
SIFT, BRISK, MAT_FLANN, SEL_KNN, 132, 4.96951, 57, 131.55, 2.03598, 133.586
SIFT, BRISK, MAT_FLANN, SEL_KNN, 124, 5.10359, 63, 131.92, 1.88556, 133.806
SIFT, BRISK, MAT_FLANN, SEL_KNN, 137, 2.99994, 59, 136.772, 1.98282, 138.755
SIFT, BRISK, MAT_FLANN, SEL_KNN, 134, 3.31252, 61, 137.729, 1.98377, 139.712
SIFT, BRISK, MAT_FLANN, SEL_KNN, 140, 2.02517, 53, 134.79, 2.05473, 136.844
SIFT, BRISK, MAT_FLANN, SEL_KNN, 137, 3.03291, 54, 134.099, 2.08399, 136.183
SIFT, BRISK, MAT_FLANN, SEL_KNN, 148, 1.86609, 56, 130.216, 2.01493, 132.231
SIFT, BRISK, MAT_FLANN, SEL_KNN, 159, 2.09694, 63, 135.814, 2.02807, 137.842
SIFT, BRISK, MAT_FLANN, SEL_KNN, 137, 2.08917, 74, 134.475, 2.05787, 136.533
SIFT, BRIEF, MAT_BF, SEL_NN, 132, 4.96951, 138, 133.67, 0.33053, 134
SIFT, BRIEF, MAT_BF, SEL_NN, 124, 5.10359, 132, 137.4, 0.35617, 137.756
SIFT, BRIEF, MAT_BF, SEL_NN, 137, 2.99994, 124, 137.182, 0.335659, 137.518
SIFT, BRIEF, MAT_BF, SEL_NN, 134, 3.31252, 137, 132.522, 0.309269, 132.832
SIFT, BRIEF, MAT_BF, SEL_NN, 140, 2.02517, 134, 128.238, 0.352228, 128.591
SIFT, BRIEF, MAT_BF, SEL_NN, 137, 3.03291, 140, 135.974, 0.32134, 136.295
SIFT, BRIEF, MAT_BF, SEL_NN, 148, 1.86609, 137, 140.678, 0.334873, 141.013
SIFT, BRIEF, MAT_BF, SEL_NN, 159, 2.09694, 148, 136.735, 0.395426, 137.13
SIFT, BRIEF, MAT_BF, SEL_NN, 137, 2.08917, 159, 140.793, 0.410142, 141.203
SIFT, BRIEF, MAT_BF, SEL_KNN, 132, 4.96951, 86, 136.476, 0.479581, 136.956
SIFT, BRIEF, MAT_BF, SEL_KNN, 124, 5.10359, 78, 139.631, 0.413, 140.044
SIFT, BRIEF, MAT_BF, SEL_KNN, 137, 2.99994, 76, 133.44, 0.419335, 133.859
SIFT, BRIEF, MAT_BF, SEL_KNN, 134, 3.31252, 85, 137.067, 0.421644, 137.488
SIFT, BRIEF, MAT_BF, SEL_KNN, 140, 2.02517, 69, 137.036, 0.412675, 137.448
SIFT, BRIEF, MAT_BF, SEL_KNN, 137, 3.03291, 74, 138.815, 0.422503, 139.238
SIFT, BRIEF, MAT_BF, SEL_KNN, 148, 1.86609, 76, 133.544, 0.387303, 133.931
SIFT, BRIEF, MAT_BF, SEL_KNN, 159, 2.09694, 70, 132.456, 0.511083, 132.967
SIFT, BRIEF, MAT_BF, SEL_KNN, 137, 2.08917, 88, 134.9, 0.445794, 135.346
SIFT, BRIEF, MAT_FLANN, SEL_NN, 132, 4.96951, 138, 137.09, 1.69976, 138.79
SIFT, BRIEF, MAT_FLANN, SEL_NN, 124, 5.10359, 132, 131.25, 1.51328, 132.763
SIFT, BRIEF, MAT_FLANN, SEL_NN, 137, 2.99994, 124, 136.46, 1.41916, 137.879
SIFT, BRIEF, MAT_FLANN, SEL_NN, 134, 3.31252, 137, 139.331, 1.59844, 140.93
SIFT, BRIEF, MAT_FLANN, SEL_NN, 140, 2.02517, 134, 132.561, 1.54604, 134.107
SIFT, BRIEF, MAT_FLANN, SEL_NN, 137, 3.03291, 140, 137.435, 1.50412, 138.939
SIFT, BRIEF, MAT_FLANN, SEL_NN, 148, 1.86609, 137, 131.121, 1.52746, 132.649
SIFT, BRIEF, MAT_FLANN, SEL_NN, 159, 2.09694, 148, 139.071, 1.59327, 140.665
SIFT, BRIEF, MAT_FLANN, SEL_NN, 137, 2.08917, 159, 139.887, 1.74094, 141.628
SIFT, BRIEF, MAT_FLANN, SEL_KNN, 132, 4.96951, 63, 133.402, 1.77074, 135.173
SIFT, BRIEF, MAT_FLANN, SEL_KNN, 124, 5.10359, 74, 136.636, 1.68862, 138.324
SIFT, BRIEF, MAT_FLANN, SEL_KNN, 137, 2.99994, 64, 140.444, 1.6047, 142.049
SIFT, BRIEF, MAT_FLANN, SEL_KNN, 134, 3.31252, 66, 131.254, 1.56919, 132.823
SIFT, BRIEF, MAT_FLANN, SEL_KNN, 140, 2.02517, 53, 131.022, 1.74756, 132.769
SIFT, BRIEF, MAT_FLANN, SEL_KNN, 137, 3.03291, 57, 135.813, 1.88762, 137.7
SIFT, BRIEF, MAT_FLANN, SEL_KNN, 148, 1.86609, 72, 131.665, 1.69877, 133.364
SIFT, BRIEF, MAT_FLANN, SEL_KNN, 159, 2.09694, 67, 132.609, 1.917, 134.526
SIFT, BRIEF, MAT_FLANN, SEL_KNN, 137, 2.08917, 84, 135.186, 1.86405, 137.05
SIFT, FREAK, MAT_BF, SEL_NN, 132, 4.96951, 137, 136.68, 0.348316, 137.028
SIFT, FREAK, MAT_BF, SEL_NN, 124, 5.10359, 131, 141.456, 0.336111, 141.793
SIFT, FREAK, MAT_BF, SEL_NN, 137, 2.99994, 123, 136.536, 0.318082, 136.854
SIFT, FREAK, MAT_BF, SEL_NN, 134, 3.31252, 136, 132.199, 0.330663, 132.53
SIFT, FREAK, MAT_BF, SEL_NN, 140, 2.02517, 133, 142.066, 0.41315, 142.48
SIFT, FREAK, MAT_BF, SEL_NN, 137, 3.03291, 139, 131.991, 0.354983, 132.346
SIFT, FREAK, MAT_BF, SEL_NN, 148, 1.86609, 135, 135.484, 0.431345, 135.916
SIFT, FREAK, MAT_BF, SEL_NN, 159, 2.09694, 147, 133.063, 0.382991, 133.446
SIFT, FREAK, MAT_BF, SEL_NN, 137, 2.08917, 158, 137.346, 0.396184, 137.742
SIFT, FREAK, MAT_BF, SEL_KNN, 132, 4.96951, 65, 138.925, 0.457879, 139.383
SIFT, FREAK, MAT_BF, SEL_KNN, 124, 5.10359, 72, 133.577, 0.411873, 133.988
SIFT, FREAK, MAT_BF, SEL_KNN, 137, 2.99994, 64, 138.547, 0.400782, 138.947
SIFT, FREAK, MAT_BF, SEL_KNN, 134, 3.31252, 66, 131.786, 0.513135, 132.299
SIFT, FREAK, MAT_BF, SEL_KNN, 140, 2.02517, 59, 133.828, 0.449284, 134.277
SIFT, FREAK, MAT_BF, SEL_KNN, 137, 3.03291, 59, 136.316, 0.460032, 136.776
SIFT, FREAK, MAT_BF, SEL_KNN, 148, 1.86609, 64, 129.533, 0.437284, 129.97
SIFT, FREAK, MAT_BF, SEL_KNN, 159, 2.09694, 65, 131.619, 0.485709, 132.104
SIFT, FREAK, MAT_BF, SEL_KNN, 137, 2.08917, 79, 134.596, 0.49346, 135.089
SIFT, FREAK, MAT_FLANN, SEL_NN, 132, 4.96951, 137, 140.971, 1.79679, 142.768
SIFT, FREAK, MAT_FLANN, SEL_NN, 124, 5.10359, 131, 127.961, 1.75065, 129.712
SIFT, FREAK, MAT_FLANN, SEL_NN, 137, 2.99994, 123, 137.345, 1.74215, 139.087
SIFT, FREAK, MAT_FLANN, SEL_NN, 134, 3.31252, 136, 133.746, 1.75361, 135.5
SIFT, FREAK, MAT_FLANN, SEL_NN, 140, 2.02517, 133, 143.204, 1.76553, 144.969
SIFT, FREAK, MAT_FLANN, SEL_NN, 137, 3.03291, 139, 129.828, 1.81424, 131.643
SIFT, FREAK, MAT_FLANN, SEL_NN, 148, 1.86609, 135, 134.372, 1.72992, 136.102
SIFT, FREAK, MAT_FLANN, SEL_NN, 159, 2.09694, 147, 135.88, 2.36178, 138.241
SIFT, FREAK, MAT_FLANN, SEL_NN, 137, 2.08917, 158, 131.728, 2.04911, 133.777
SIFT, FREAK, MAT_FLANN, SEL_KNN, 132, 4.96951, 59, 134.748, 1.96686, 136.714
SIFT, FREAK, MAT_FLANN, SEL_KNN, 124, 5.10359, 63, 135.479, 1.90662, 137.386
SIFT, FREAK, MAT_FLANN, SEL_KNN, 137, 2.99994, 54, 134.276, 1.85819, 136.134
SIFT, FREAK, MAT_FLANN, SEL_KNN, 134, 3.31252, 63, 133.222, 1.9811, 135.203
SIFT, FREAK, MAT_FLANN, SEL_KNN, 140, 2.02517, 52, 131.127, 2.06191, 133.189
SIFT, FREAK, MAT_FLANN, SEL_KNN, 137, 3.03291, 49, 137.23, 2.07094, 139.301
SIFT, FREAK, MAT_FLANN, SEL_KNN, 148, 1.86609, 48, 138.908, 2.00714, 140.916
SIFT, FREAK, MAT_FLANN, SEL_KNN, 159, 2.09694, 53, 126.322, 2.12016, 128.442
SIFT, FREAK, MAT_FLANN, SEL_KNN, 137, 2.08917, 68, 130.585, 2.06105, 132.646
SIFT, SIFT, MAT_BF, SEL_NN, 132, 4.96951, 138, 95.4531, 0.46176, 95.9149
SIFT, SIFT, MAT_BF, SEL_NN, 124, 5.10359, 132, 105.916, 0.491377, 106.407
SIFT, SIFT, MAT_BF, SEL_NN, 137, 2.99994, 124, 100.114, 0.441669, 100.556
SIFT, SIFT, MAT_BF, SEL_NN, 134, 3.31252, 137, 98.3266, 0.496726, 98.8234
SIFT, SIFT, MAT_BF, SEL_NN, 140, 2.02517, 134, 95.8057, 0.444817, 96.2505
SIFT, SIFT, MAT_BF, SEL_NN, 137, 3.03291, 140, 93.7246, 0.466376, 94.191
SIFT, SIFT, MAT_BF, SEL_NN, 148, 1.86609, 137, 100.206, 0.474186, 100.68
SIFT, SIFT, MAT_BF, SEL_NN, 159, 2.09694, 148, 108.058, 0.606922, 108.665
SIFT, SIFT, MAT_BF, SEL_NN, 137, 2.08917, 159, 100.502, 0.767689, 101.27
SIFT, SIFT, MAT_BF, SEL_KNN, 132, 4.96951, 82, 102.127, 0.558399, 102.685
SIFT, SIFT, MAT_BF, SEL_KNN, 124, 5.10359, 81, 137.83, 0.548102, 138.378
SIFT, SIFT, MAT_BF, SEL_KNN, 137, 2.99994, 85, 95.0815, 0.530705, 95.6122
SIFT, SIFT, MAT_BF, SEL_KNN, 134, 3.31252, 93, 96.5679, 0.548899, 97.1168
SIFT, SIFT, MAT_BF, SEL_KNN, 140, 2.02517, 90, 102.568, 0.563095, 103.131
SIFT, SIFT, MAT_BF, SEL_KNN, 137, 3.03291, 81, 134.806, 0.558152, 135.364
SIFT, SIFT, MAT_BF, SEL_KNN, 148, 1.86609, 82, 131.552, 0.619061, 132.171
SIFT, SIFT, MAT_BF, SEL_KNN, 159, 2.09694, 102, 98.4881, 0.863141, 99.3513
SIFT, SIFT, MAT_BF, SEL_KNN, 137, 2.08917, 104, 99.1125, 0.639856, 99.7523
SIFT, SIFT, MAT_FLANN, SEL_NN, 132, 4.96951, 138, 95.9549, 2.40087, 98.3558
SIFT, SIFT, MAT_FLANN, SEL_NN, 124, 5.10359, 132, 132.939, 2.18156, 135.12
SIFT, SIFT, MAT_FLANN, SEL_NN, 137, 2.99994, 124, 106.139, 2.3162, 108.455
SIFT, SIFT, MAT_FLANN, SEL_NN, 134, 3.31252, 137, 104.347, 2.42616, 106.774
SIFT, SIFT, MAT_FLANN, SEL_NN, 140, 2.02517, 134, 108.681, 2.42727, 111.109
SIFT, SIFT, MAT_FLANN, SEL_NN, 137, 3.03291, 140, 102.679, 2.38782, 105.067
SIFT, SIFT, MAT_FLANN, SEL_NN, 148, 1.86609, 137, 104.31, 2.5666, 106.876
SIFT, SIFT, MAT_FLANN, SEL_NN, 159, 2.09694, 148, 110.822, 2.70374, 113.525
SIFT, SIFT, MAT_FLANN, SEL_NN, 137, 2.08917, 159, 106.396, 2.80518, 109.201
SIFT, SIFT, MAT_FLANN, SEL_KNN, 132, 4.96951, 82, 107.267, 2.69664, 109.964
SIFT, SIFT, MAT_FLANN, SEL_KNN, 124, 5.10359, 81, 134.622, 2.34858, 136.97
SIFT, SIFT, MAT_FLANN, SEL_KNN, 137, 2.99994, 85, 93.7135, 2.62333, 96.3369
SIFT, SIFT, MAT_FLANN, SEL_KNN, 134, 3.31252, 96, 103.923, 2.83019, 106.753
SIFT, SIFT, MAT_FLANN, SEL_KNN, 140, 2.02517, 90, 100.879, 2.81502, 103.694
SIFT, SIFT, MAT_FLANN, SEL_KNN, 137, 3.03291, 82, 102.295, 2.81062, 105.106
SIFT, SIFT, MAT_FLANN, SEL_KNN, 148, 1.86609, 82, 135.035, 2.83052, 137.866
SIFT, SIFT, MAT_FLANN, SEL_KNN, 159, 2.09694, 103, 132.065, 2.83082, 134.896
SIFT, SIFT, MAT_FLANN, SEL_KNN, 137, 2.08917, 105, 97.6535, 3.10165, 100.755
